order_id,order_date,customer_id,customer_name,age,gender,region,city,product_category,product_name,quantity,unit_price,discount_pct,sales_amount,profit,shipping_cost,payment_method,customer_satisfaction,return_flag,order_status,days_to_ship
ORD-02198,8/16/2022,CUST07881,Sanjay Verma,28,Male,West,Mumbai,Beauty,Sunscreen,8,858.66,0.08,9147.31,5355.56,64.49,Debit Card,5,FALSE,Delivered,2
ORD-02076,7/5/2022,CUST05587,Priya Reddy,29,Other,West,Ahmedabad,Furniture,Bed Frame,9,22071.92,0.17,262066.11,66644.99,54.47,EMI,3,FALSE,Delivered,4
ORD-01701,1/28/2022,CUST47772,Shreya Bose,14,Female,West,Ahmedabad,Groceries,Dal (1kg),2,274.81,0.15,379.5,24.26,46.69,EMI,4,FALSE,Delivered,4
ORD-02270,9/14/2022,CUST31062,Vikram Pillai,15,Other,North,Ludhiana,Beauty,Lipstick,7,111.14,0.37,567.33,305.65,44.94,Net Banking,4,FALSE,Delivered,9
ORD-01814,3/14/2022,CUST08792,Rahul Gupta,26,Male,South,Bangalore,Clothing,Dress,10,1706.05,0.04,17995.41,6453.4,89.15,UPI,5,FALSE,Delivered,4
ORD-01978,5/24/2022,CUST43165,Kavya Kumar,15,Other,South,Chennai,Electronics,Headphones,7,48577.53,0.07,483408.08,36816.91,57.45,EMI,2,FALSE,Delivered,4
ORD-01848,3/29/2022,CUST43339,Arjun Pillai,28,Male,South,Kochi,Sports,Cricket Bat,7,6478.95,0.22,43346.6,8443.99,69.59,EMI,1,FALSE,Delivered,2
ORD-02031,6/14/2022,CUST13864,Amit Kumar,30,Other,Central,Bhopal,Books,Comic Book,,1431.29,0.04,1929.4,819.7,70.38,Credit Card,5,TRUE,Returned,8
ORD-01993,5/30/2022,CUST20457,Vikram Kumar,40,Other,North,Ludhiana,Sports,Tennis Racket,9,14422.23,0.21,145427.41,40739.98,58.92,EMI,5,FALSE,Delivered,1
ORD-02282,9/18/2022,CUST94046,Ananya Nair,38,Other,Central,Raipur,Electronics,Camera,5,11463.02,0.34,44107,3355.55,36.32,Cash on Delivery,5,FALSE,Delivered,10
ORD-01870,4/5/2022,CUST73941,Aditya Mehta,48,Male,East,Bhubaneswar,Groceries,Cooking Oil,2,393.55,0.02,1057.65,87.14,87.03,Debit Card,1,FALSE,Delivered,1
ORD-01968,5/20/2022,CUST46310,Sanjay Kapoor,28,Male,East,Guwahati,Books,Comic Book,5,1063.62,0.16,6991.06,2963.48,62.28,UPI,,FALSE,Delivered,5
ORD-01912,4/25/2022,CUST02114,Ananya Verma,,Male,South,Chennai,Clothing,T-Shirt,2,1244.43,0.23,2660.47,1061.94,75.05,Net Banking,5,FALSE,Delivered,2
ORD-02247,9/7/2022,CUST68290,Karan Kapoor,38,Other,North,Chandigarh,Furniture,Chair,2,22082.21,,51389.35,9844.24,70.14,Debit Card,1,FALSE,Pending,7
ORD-02058,6/27/2022,CUST44617,Nikhil Reddy,21,Other,South,Bangalore,Furniture,Desk,8,3549.62,0.22,30702.91,10062.41,77.82,EMI,5,TRUE,Returned,5
ORD-02241,9/4/2022,CUST64655,Kavya Patel,21,Female,East,Guwahati,Electronics,Headphones,4,41499.34,0,175476.12,19809.16,73.44,Debit Card,4,FALSE,Shipped,1
ORD-02210,8/21/2022,CUST53700,Ananya Shah,49,Female,South,Chennai,Furniture,Chair,3,25395.64,0.3,82667.82,28762.52,86.28,UPI,4,FALSE,Delivered,5
ORD-01747,2/14/2022,CUST14531,Meera Gupta,27,Male,North,Ludhiana,Furniture,Wardrobe,9,14001.85,0.05,118164.26,40660.47,55.44,UPI,1,TRUE,Returned,1
ORD-01699,1/28/2022,CUST22943,Nisha Shah,42,Male,North,Amritsar,Sports,Tennis Racket,10,6054.48,0.06,48184.42,9832.73,59.24,Credit Card,1,TRUE,Returned,6
ORD-02391,11/1/2022,CUST63245,Ananya Verma,29,Male,Central,Indore,Books,Textbook,4,1320.32,0.01,4535.42,950.65,39.09,Debit Card,3,FALSE,Delivered,5
ORD-02434,11/20/2022,CUST85190,Nikhil Patel,45,Other,West,Surat,Electronics,Tablet,4,73017.83,0.22,192150.99,23288.67,32.14,Credit Card,3,FALSE,Delivered,8
ORD-02485,12/14/2022,CUST69585,Sunita Joshi,12,Male,West,Ahmedabad,Books,Cook Book,9,1471.74,0.05,10167.9,5411.76,50.89,Cash on Delivery,4,FALSE,Delivered,7
ORD-01894,4/16/2022,CUST28783,Rohan Shah,42,Male,East,Bhubaneswar,Beauty,Perfume,7,2235.02,0.37,11756.21,7295.66,68.83,UPI,1,TRUE,Returned,8
ORD-02212,8/23/2022,CUST44717,Meera Chatterjee,34,MALE,East,Kolkata,Electronics,Headphones,6,45624.04,0.24,274607.48,23542.83,97.97,UPI,4,FALSE,Delivered,7
ORD-01996,6/1/2022,CUST48253,Meera Kumar,36,Male,North,Chandigarh,Clothing,Saree,5,451.03,0.19,2632.07,1165.89,23.32,Net Banking,5,FALSE,Delivered,10
ORD-01973,5/22/2022,CUST45923,Ananya Rao,22,Male,West,Ahmedabad,Electronics,Headphones,2,72469.02,0.38,127833.79,12280.09,49.21,Net Banking,4,FALSE,Cancelled,1
ORD-01905,4/21/2022,CUST28422,Ananya Nair,35,Female,West,Pune,Books,Cook Book,5,540.77,0.28,2814.83,1625.95,54.23,EMI,5,FALSE,Delivered,7
ORD-02069,7/2/2022,CUST03769,Sunita Mishra,32,female,South,Kochi,Clothing,Saree,8,3278.48,,39736.74,15719.62,80.96,Credit Card,3,FALSE,Delivered,1
ORD-02497,12/19/2022,CUST57740,Sunita Verma,19,Male,East,Kolkata,Furniture,Bookshelf,5,29767.34,0.16,92126.76,24089.4,72.23,Cash on Delivery,3,FALSE,Cancelled,6
ORD-02268,9/14/2022,CUST89600,Aarav Joshi,51,Male,South,Chennai,Sports,Football,2,13833.36,0.06,30150.8,8534.61,40.57,Net Banking,,FALSE,Delivered,8
ORD-02522,12/31/2022,CUST79852,Nisha Kapoor,26,Male,West,Pune,Books,Textbook,3,1379.58,0.06,3040.53,976.28,64.67,Net Banking,4,FALSE,Shipped,4
ORD-02356,10/16/2022,CUST40158,Kavya Pillai,36,MALE,South,Chennai,Furniture,Chair,8,33543.43,0.22,218733.7,59861.82,56.8,EMI,2,FALSE,Delivered,8
ORD-01868,4/4/2022,CUST05359,Aditya Mehta,26,Female,East,Kolkata,Electronics,Camera,8,64439.74,0.23,542100.67,80671.01,103.41,Debit Card,1,FALSE,Delivered,3
ORD-02004,6/3/2022,CUST71669,Nikhil Singh,17,Other,West,Mumbai,Books,Self-Help Book,4,664.43,0.18,2827.28,858.56,89.26,Net Banking,3,FALSE,Delivered,8
ORD-01861,4/1/2022,CUST08538,Shreya Kapoor,33,Male,West,Surat,Beauty,Lipstick,3,992.1,0.25,3344.42,1765.61,59.26,Credit Card,,FALSE,Cancelled,4
ORD-02147,7/31/2022,CUST10089,Vikram Bhat,47,Other,East,Patna,Clothing,Saree,2,3551.33,0.03,9440.78,3804.23,97.74,Net Banking,3,FALSE,delivered,8
ORD-01920,4/29/2022,CUST28329,Vikram Sharma,28,MALE,West,Mumbai,Groceries,Sugar,10,321.34,0.16,4232.71,408.89,47.89,Credit Card,1,FALSE,delivered,9
ORD-02382,10/28/2022,CUST54015,Shreya Rao,48,female,West,Pune,Sports,Dumbbells,1,14172.12,0.14,12312.75,2055.13,79.52,EMI,5,FALSE,Delivered,6
ORD-02316,10/4/2022,CUST62789,Ananya Gupta,40,Other,South,Kochi,Groceries,Dal (1kg),4,314.73,0.15,998.21,61.22,79,Cash on Delivery,,FALSE,Delivered,8
ORD-02007,6/4/2022,CUST96054,Ritu Nair,40,Other,East,Bhubaneswar,Electronics,Smartphone,7,21000.78,0.3,174189.34,24923.4,115.73,UPI,5,FALSE,Delivered,6
ORD-02400,11/4/2022,CUST21465,Pooja Kumar,33,Female,West,Ahmedabad,Clothing,Saree,7,525.25,0.03,3229.98,1218.39,48.82,UPI,4,FALSE,Delivered,8
ORD-01700,1/28/2022,CUST75005,Meera Bhat,16,Female,South,Bangalore,Sports,Tennis Racket,3,14928.96,0.4,21823.19,4574.82,60.83,UPI,1,FALSE,Delivered,8
ORD-01788,3/4/2022,CUST10753,Kavya Kumar,51,Male,Central,Indore,Beauty,Face Cream,6,153.84,0.09,1006.96,616.53,54.61,Debit Card,3,FALSE,Delivered,9
ORD-01693,1/24/2022,CUST37446,Shreya Das,66,Other,North,Delhi,Beauty,Lipstick,9,265.25,0.18,1737.45,685.06,28.69,Credit Card,2,FALSE,Delivered,5
ORD-02495,12/18/2022,CUST29148,Amit Kumar,22,Female,South,Bangalore,Groceries,Sugar,7,56.3,0.16,219.23,17.73,83.47,Net Banking,4,TRUE,Returned,6
ORD-02508,12/24/2022,CUST55151,Ananya Reddy,27,Male,East,Kolkata,Furniture,Wardrobe,1,21949.11,0.11,16420.47,5291.08,87.46,EMI,1,FALSE,Delivered,2
ORD-01872,4/6/2022,CUST60962,Shreya Rao,30,MALE,North,Amritsar,Sports,Cricket Bat,10,8393.4,0.27,79799.46,13093.99,54.18,Net Banking,2,FALSE,Delivered,8
ORD-02193,8/15/2022,CUST54369,Priya Rao,65,Other,East,Kolkata,Books,Fiction Novel,6,966.11,0.29,5647.04,1896.58,107.74,Net Banking,1,FALSE,Cancelled,
ORD-02467,12/6/2022,CUST34028,Vikram Rao,14,Female,East,Guwahati,Electronics,Smartphone,1,7708.68,0.26,4938.48,534.97,101.65,EMI,2,FALSE,Shipped,6
ORD-02390,11/1/2022,CUST38274,Ananya Shah,27,Female,West,Pune,Beauty,Lipstick,6,835.52,0.01,4761.71,1237.08,54.35,Cash on Delivery,,FALSE,Delivered,2
ORD-02171,8/9/2022,CUST77492,Karan Sharma,33,Male,South,Chennai,Clothing,Saree,1,1170.22,0.37,1011.25,422.66,82.03,Debit Card,4,FALSE,Delivered,2
ORD-01824,3/16/2022,CUST58449,Priya Chatterjee,,Female,North,Delhi,Clothing,Jeans,5,2505.4,0.11,12039.52,4140.53,57.65,Cash on Delivery,,FALSE,Delivered,1
ORD-02192,8/15/2022,CUST61790,Amit Kumar,32,Other,East,Kolkata,Furniture,Sofa,3,23445.9,0.31,60026.42,15012.25,54.92,Credit Card,1,TRUE,Returned,7
ORD-02000,6/2/2022,CUST60137,Sanjay Sharma,35,Female,East,Patna,Sports,Cricket Bat,6,6661.26,0.13,55550.3,11352.36,99.9,Cash on Delivery,2,FALSE,Delivered,8
ORD-01991,30-May-22,CUST25027,Nisha Mishra,24,Female,East,Bhubaneswar,Beauty,Hair Oil,8,1075.32,0.25,9458.95,4920.35,101.65,Credit Card,1,TRUE,Returned,8
ORD-02187,8/14/2022,CUST47298,Shreya Gupta,36,Other,North,Amritsar,Books,Comic Book,1,1129.04,0.28,1081.22,412.61,40.43,Net Banking,1,TRUE,Returned,10
ORD-01907,4/23/2022,CUST58083,Sanjay Kapoor,31,m,Central,Raipur,Sports,Cricket Bat,6,12397.94,0.35,69539.73,14673.82,51.27,UPI,2,FALSE,Delivered,1
ORD-02030,6/14/2022,CUST98295,Ritu Rao,17,Male,West,Pune,Sports,Football,1,13827.19,0.4,13665.74,2472.59,24.48,Net Banking,3,FALSE,Cancelled,3
ORD-02150,8/1/2022,CUST80481,Sanjay Mishra,53,Female,West,Surat,Beauty,Sunscreen,4,356.27,0.25,1442.88,531.3,38.09,Net Banking,5,FALSE,Delivered,5
ORD-01826,3/17/2022,CUST42492,Nikhil Bose,26,Male,South,Bangalore,Beauty,Sunscreen,2,563.96,,1382.93,529.71,100.92,Cash on Delivery,4,FALSE,Delivered,1
ORD-02332,10/9/2022,CUST15721,Sunita Kumar,32,Female,West,Ahmedabad,Groceries,Flour,10,364.93,0.07,3274.29,294.88,52.13,UPI,,FALSE,Pending,3
ORD-01712,2/1/2022,CUST49015,Pooja Iyer,31,Male,Central,Indore,Beauty,Face Cream,,1868.65,0.06,1684.76,667.36,71.24,UPI,4,FALSE,Delivered,2
ORD-01841,3/26/2022,CUST02321,Sunita Patel,26,Female,West,Surat,Beauty,Shampoo,10,160.57,0.38,1214.1,697.82,51.31,Credit Card,3,FALSE,Delivered,2
ORD-01775,2/25/2022,CUST42783,Ritu Das,25,Other,Central,Indore,Sports,Tennis Racket,1,7835.77,0.08,6868.24,1599.65,44.2,Credit Card,,TRUE,Returned,-1
ORD-02188,8/14/2022,CUST93685,Vikram Singh,19,Other,South,Chennai,Electronics,Laptop,10,46080.58,0.33,392607.23,38045.24,42.13,Credit Card,1,FALSE,Delivered,7
ORD-02163,5-Aug-22,CUST72247,Arjun Mishra,57,Male,East,Kolkata,Electronics,Tablet,1,67980.93,,96948,11975.81,63.26,Cash on Delivery,4,FALSE,Delivered,9
ORD-02445,11/28/2022,CUST71240,Pooja Sharma,30,Other,North,Chandigarh,Books,Fiction Novel,5,1175.29,0.36,3025.64,1294.96,66.21,Net Banking,2,FALSE,Delivered,4
ORD-02362,10/18/2022,CUST09796,Shreya Mehta,2,Other,North,Ludhiana,Clothing,Kurta,5,3077.69,0.12,12279.25,4018.97,55.38,UPI,3,FALSE,Delivered,8
ORD-02011,6/5/2022,CUST67385,Kavya Shah,52,Female,West,Pune,Sports,Cricket Bat,10,6308.82,0.36,65319.25,13727.44,63.87,Net Banking,1,TRUE,Returned,7
ORD-02411,11/8/2022,CUST04556,Amit Shah,43,Male,East,Kolkata,Electronics,Laptop,9,33801.96,0.4,175761.72,23971.25,95.97,Cash on Delivery,,TRUE,Returned,7
ORD-02048,6/20/2022,CUST98440,Nikhil Nair,,Other,South,Kochi,Clothing,Saree,4,2288.92,0.09,11495.42,3680.34,53.41,Cash on Delivery,4,FALSE,Shipped,8
ORD-02047,6/20/2022,CUST63577,Sunita Iyer,49,Male,Central,Indore,Groceries,Flour,8,377.69,0.27,3219.24,244.77,42.69,Credit Card,1,FALSE,delivered,4
ORD-02295,9/23/2022,CUST16205,Arjun Kapoor,32,Male,East,Guwahati,Sports,Tennis Racket,,7290.72,0,8729.66,2532.61,59.36,EMI,5,FALSE,Delivered,2
ORD-01704,1/30/2022,CUST33909,Amit Reddy,28,Female,North,Chandigarh,Books,Comic Book,4,1134.89,0.05,3201.22,939.71,68.97,Net Banking,4,FALSE,Delivered,2
ORD-01925,1-May-22,CUST73689,Meera Chatterjee,41,Male,South,Kochi,Clothing,Jeans,9,3373.39,0.02,45729.43,18565.86,73.18,Cash on Delivery,2,FALSE,Delivered,4
ORD-02409,11/6/2022,CUST13324,Sanjay Iyer,31,Other,North,Delhi,Groceries,Tea,8,163.97,0.16,1055.34,91.59,24.74,Debit Card,4,FALSE,Shipped,8
ORD-01992,5/30/2022,CUST42274,Nisha Reddy,38,Other,South,Chennai,Sports,Tennis Racket,10,2313.34,0.07,26178.67,6071.72,54.61,Debit Card,1,TRUE,Returned,3
ORD-02181,8/13/2022,CUST50045,Arjun Verma,21,MALE,North,Chandigarh,Clothing,Jeans,8,3588.17,0.24,31618.79,13674.74,86.78,EMI,1,FALSE,Delivered,7
ORD-02313,10/2/2022,CUST66337,Kavya Singh,,Female,South,Bangalore,Clothing,Dress,10,2259.78,0.04,20953.37,7949.05,52.93,UPI,5,FALSE,Delivered,7
ORD-01940,6/5/2022,CUST29935,Sanjay Mishra,30,Female,West,Surat,Beauty,Sunscreen,8,2364.86,0.15,20195.66,11817.43,58.27,Debit Card,5,FALSE,Delivered,5
ORD-01821,3/16/2022,CUST07773,Karan Gupta,41,female,South,Hyderabad,Books,Comic Book,2,1012.58,,2058.59,942.39,79.24,UPI,5,FALSE,Delivered,
ORD-02274,9/15/2022,CUST66737,Ananya Patel,43,Female,South,Chennai,Clothing,T-Shirt,0,803.12,0.07,911.76,328.33,73.01,Credit Card,3,FALSE,Delivered,7
ORD-02153,3-Aug-22,CUST05495,Vikram Singh,45,f,North,Delhi,Clothing,Kurta,1,2503.3,0.15,2937.26,723.88,47.55,EMI,2,TRUE,Returned,10
ORD-02260,9/10/2022,CUST10492,Rahul Patel,61,Other,West,Surat,Beauty,Lipstick,9,1292.16,0.22,10154.82,3046.85,70.59,Credit Card,2,TRUE,Returned,6
ORD-01781,3/2/2022,CUST31446,Priya Singh,57,female,North,Chandigarh,Beauty,Face Cream,6,583.99,0.26,2822.23,1322.69,22.05,Credit Card,4,FALSE,Shipped,6
ORD-02176,8/12/2022,CUST51575,Karan Mishra,30,Other,North,Ludhiana,Sports,Football,7,14759.38,0,128001.22,25740.07,70.7,Net Banking,3,FALSE,Delivered,7
ORD-02515,12/28/2022,CUST66205,Ritu Verma,30,Male,West,Pune,Books,Biography,5,1103.75,0.25,3579.91,1891.54,60.86,Cash on Delivery,3,FALSE,Cancelled,1
ORD-01766,2/21/2022,CUST87890,Karan Mishra,46,Other,Central,Nagpur,Books,Textbook,4,378.9,0.39,957.41,235.48,29.15,Credit Card,5,FALSE,Delivered,3
ORD-01721,2/5/2022,CUST05033,Pooja Mishra,22,Male,West,Ahmedabad,Sports,Football,8,11620.56,0.18,89828.71,25898.31,50.64,Debit Card,4,FALSE,Delivered,2
ORD-01711,2/1/2022,CUST71903,Rahul Sharma,30,Female,East,Bhubaneswar,Beauty,Shampoo,10,1797.87,0.31,12188.57,2948.45,85.14,Cash on Delivery,,FALSE,Shipped,4
ORD-01731,2/8/2022,CUST81381,Aarav Bose,65,Male,North,Chandigarh,Groceries,Flour,10,299.21,0.19,2491.46,268.35,16.74,Net Banking,3,FALSE,Delivered,9
ORD-02322,10/5/2022,CUST93809,Kavya Sharma,44,Other,Central,Indore,Furniture,Bookshelf,8,32195.15,0.25,191258.73,53878.3,67.87,Cash on Delivery,2,FALSE,Delivered,4
ORD-01659,1/9/2022,CUST72759,Pooja Patel,26,Other,South,Hyderabad,Furniture,Chair,7,2529.87,0.12,14719.17,4154.01,90.47,EMI,5,FALSE,Delivered,
ORD-02365,10/18/2022,CUST12074,Ritu Joshi,51,Female,North,Amritsar,Sports,Football,10,14562.6,0.31,86000.34,18267.52,33.55,Cash on Delivery,5,FALSE,Delivered,4
ORD-02381,10/28/2022,CUST35452,Rahul Singh,36,Female,North,Ludhiana,Electronics,Camera,6,6441.62,0.27,31528.73,5997.64,53.2,EMI,3,FALSE,cancelled,8
ORD-01862,4/2/2022,CUST38887,Aditya Nair,39,Other,West,Ahmedabad,Groceries,Dal (1kg),3,475.6,0.18,1586.7,154.07,65.63,Credit Card,1,FALSE,Shipped,10
ORD-01893,4/16/2022,CUST98008,Amit Singh,39,Female,Central,Bhopal,Clothing,Dress,3,3710.29,0.05,14616.34,5360.81,62.88,Cash on Delivery,4,FALSE,Delivered,4
ORD-01702,1/30/2022,CUST81394,Nikhil Kumar,27,Male,North,Amritsar,Beauty,Hair Oil,10,2477.1,0.19,19204,9210.86,24.71,Credit Card,5,FALSE,Cancelled,8
ORD-02386,10/29/2022,CUST85891,Aditya Mishra,30,Male,South,Hyderabad,Books,Self-Help Book,10,1494.95,0.38,9412.99,4806.77,81.37,Credit Card,,TRUE,Returned,6
ORD-01911,4/24/2022,CUST11183,Aditya Patel,19,Female,East,Kolkata,Books,Fiction Novel,5,610.98,0.16,3679.38,1422.56,53.99,Cash on Delivery,4,FALSE,Delivered,4
ORD-02070,7/2/2022,CUST88932,Aditya Pillai,42,Female,North,Ludhiana,Electronics,Headphones,5,14814.19,,105694.63,11127.91,56.42,Debit Card,3,FALSE,Pending,1
ORD-02022,6/10/2022,CUST15844,Rohan Verma,39,Female,East,Guwahati,Clothing,Kurta,3,1256.16,0.05,5186.09,2331.26,90.36,EMI,5,FALSE,Delivered,9
ORD-02397,11/2/2022,CUST53890,Kavya Kapoor,46,Other,North,Chandigarh,Clothing,Dress,3,1457.48,0.04,3326.03,1139.23,47.06,Credit Card,5,FALSE,Delivered,10
ORD-02287,9/19/2022,CUST48005,Deepa Nair,48,Other,South,Chennai,Electronics,Headphones,7,10316.01,0.33,50301.08,6888.17,90.01,Net Banking,,FALSE,Delivered,4
ORD-02510,12/25/2022,CUST29676,Arjun Rao,43,Other,South,Hyderabad,Beauty,Shampoo,4,1024.2,0.28,2046.31,485.53,57.96,Net Banking,2,FALSE,Delivered,9
ORD-02173,11/8/2022,CUST84895,Vikram Mishra,37,Other,North,Amritsar,Electronics,Camera,9,54464.82,0,647259.03,89846.44,53.63,Credit Card,,FALSE,Delivered,4
ORD-02511,12/25/2022,CUST68061,Sunita Chatterjee,-5,Male,South,Hyderabad,Groceries,Rice (5kg),7,89.81,0.34,325.22,31.2,64.12,EMI,3,FALSE,Delivered,5
ORD-02281,9/18/2022,CUST68153,Aditya Das,45,Female,North,Amritsar,Beauty,Perfume,9,2226.07,0.16,18524.57,7612.81,50.45,EMI,4,FALSE,Delivered,2
ORD-01949,5/11/2022,CUST55786,Deepa Mehta,20,Female,South,Chennai,Beauty,Face Cream,6,2429.19,0.34,14916.43,8055.68,40.45,UPI,2,FALSE,Delivered,10
ORD-02258,9/10/2022,CUST95281,Shreya Bose,34,Male,East,Kolkata,Sports,Football,,541.85,0.04,618.29,107.23,87.16,UPI,2,FALSE,Delivered,1
ORD-01690,1/23/2022,CUST13726,Sanjay Joshi,42,Other,East,Guwahati,Books,Self-Help Book,1,293.65,0.21,216.04,87.2,77.91,Credit Card,3,FALSE,Shipped,3
ORD-02223,8/28/2022,CUST98444,Ritu Mehta,15,Male,East,Guwahati,Sports,Dumbbells,1,8591.44,0.03,11764.77,2988.26,69.66,UPI,3,FALSE,delivered,8
ORD-02384,10/28/2022,CUST51225,Ananya Kumar,23,Other,West,Mumbai,Sports,Dumbbells,,10898.37,0.05,11714.4,2224.47,82.53,Debit Card,5,FALSE,Cancelled,10
ORD-02052,6/23/2022,CUST10079,Pooja Singh,29,Male,South,Bangalore,Electronics,Smartwatch,8,48445.16,0.26,371584.08,63270.83,70.06,Cash on Delivery,5,FALSE,Delivered,8
ORD-01961,5/16/2022,CUST60023,Rohan Rao,32,Female,West,Mumbai,Sports,Dumbbells,6,1826.8,0.07,14790.65,3473.29,74.41,Credit Card,2,TRUE,Returned,6
ORD-02292,9/21/2022,CUST08013,Ritu Gupta,41,Other,East,Bhubaneswar,Sports,Yoga Mat,2,8645.73,0.24,14376.69,3461.36,94.07,EMI,4,TRUE,Returned,3
ORD-02099,7/12/2022,CUST13620,Amit Das,39,Male,South,Hyderabad,Beauty,Shampoo,4,1632.26,0.4,5867.49,2226.87,61.99,UPI,4,FALSE,Delivered,7
ORD-01999,6/1/2022,CUST83431,Aditya Patel,53,Other,West,Mumbai,Beauty,Sunscreen,7,1167.86,0.15,10729.59,5022.26,56.89,Debit Card,2,FALSE,Delivered,8
ORD-01937,5/5/2022,CUST01091,Sunita Das,32,Male,West,Pune,Beauty,Shampoo,3,1685.48,0.05,6564.17,3034.89,79.19,Debit Card,1,FALSE,Cancelled,1
ORD-01851,3/30/2022,CUST81634,Ananya Kumar,36,Male,West,Surat,Electronics,Tablet,1,28957.64,0.33,18619.85,1514.95,63.73,Debit Card,5,FALSE,Delivered,10
ORD-02175,8/12/2022,CUST77531,Deepa Gupta,37,M,South,Kochi,Beauty,Shampoo,2,2364.83,0.07,5331.18,2254.41,60.96,EMI,1,FALSE,Delivered,4
ORD-02425,15-Nov-22,CUST81941,Aditya Iyer,36,Male,North,Chandigarh,Sports,Football,4,1627.2,0.35,3842.87,894.8,32.06,EMI,4,FALSE,Delivered,1
ORD-01910,4/24/2022,CUST00866,Nisha Joshi,18,Female,Central,Raipur,Electronics,Tablet,1,23696.79,0.36,19360.65,2981.96,18.02,EMI,4,FALSE,Delivered,9
ORD-02040,6/17/2022,CUST10264,Ritu Bose,21,Other,North,Ludhiana,Beauty,Hair Oil,9,217.37,0.23,2271.02,949.07,51.63,EMI,2,TRUE,Returned,8
ORD-02154,3/8/2022,CUST23836,Karan Rao,30,Female,West,Surat,Clothing,Saree,8,1988.03,0.22,14005.89,4000.64,66.85,Cash on Delivery,,FALSE,Delivered,5
ORD-02230,8/30/2022,CUST49677,Vikram Rao,36,Other,East,Kolkata,Sports,Dumbbells,5,13503.49,0.07,73166.71,10338.38,81.11,Debit Card,3,FALSE,Delivered,9
ORD-02201,8/17/2022,CUST38678,Karan Reddy,25,Male,West,Surat,Electronics,Headphones,4,67647.58,0.07,353527.87,36275.65,52.43,EMI,2,FALSE,Delivered,8
ORD-02373,10/23/2022,CUST88880,Nisha Shah,8,Male,West,Surat,Electronics,Smartphone,6,79286.42,0.37,281133.54,33087.68,61.66,Debit Card,,FALSE,Delivered,8
ORD-02349,10/13/2022,CUST17978,Meera Verma,55,Other,Central,Nagpur,Electronics,Laptop,7,16843.15,0.36,63975.84,8190.65,81.28,Cash on Delivery,3,FALSE,Delivered,3
ORD-01829,3/22/2022,CUST59422,Vikram Das,44,Other,Central,Raipur,Beauty,Face Cream,1,2044.93,0.23,1828.13,565,44.76,UPI,2,TRUE,Returned,2
ORD-02239,9/3/2022,CUST33232,Ritu Kumar,57,Other,West,Pune,Clothing,T-Shirt,3,3199.67,0.02,9330.68,3697.29,67.55,UPI,5,FALSE,Delivered,9
ORD-02456,11/30/2022,CUST02238,Shreya Kapoor,21,Male,Central,Nagpur,Electronics,Smartphone,10,46339.99,0.36,266029.05,36961.78,81.54,Cash on Delivery,,FALSE,Delivered,9
ORD-01657,1/8/2022,CUST72051,Sunita Bhat,32,Male,West,Mumbai,Beauty,Sunscreen,2,332.8,0.24,429.47,235.77,47.12,Net Banking,1,FALSE,Delivered,2
ORD-01705,1/30/2022,CUST77601,Rohan Mishra,54,Other,West,Mumbai,Furniture,Wardrobe,5,15638.22,0.12,53952.69,13304.82,71.64,Credit Card,1,FALSE,Delivered,4
ORD-01784,3/2/2022,CUST21830,Shreya Joshi,17,Other,South,Bangalore,Sports,Tennis Racket,5,5150.64,0.37,19963.26,3851.26,75.38,UPI,4,FALSE,Pending,3
ORD-01746,2/14/2022,CUST09453,Arjun Gupta,30,Male,North,Delhi,Clothing,Jeans,4,3616.81,0.01,14243.78,3640.83,40.58,Debit Card,4,FALSE,Shipped,2
ORD-01671,1/17/2022,CUST45922,Sunita Chatterjee,44,Other,Central,Bhopal,Beauty,Lipstick,9,1064.67,0.33,5679.24,3280.89,74.79,Cash on Delivery,4,TRUE,Returned,10
ORD-02251,9/8/2022,CUST41014,Deepa Bhat,26,Other,West,Surat,Furniture,Bed Frame,2,21391.95,0.09,42758.89,8615.36,88.4,Debit Card,2,TRUE,Returned,3
ORD-01896,4/17/2022,CUST56422,Kavya Shah,23,F,East,Kolkata,Sports,Cricket Bat,1,8106.93,0.27,7375.32,1061.19,82.98,Credit Card,3,FALSE,Delivered,4
ORD-02041,6/18/2022,CUST04308,Sanjay Singh,29,Male,East,Kolkata,Electronics,Smartwatch,8,15107.58,0.15,173570.72,21830.12,77.28,Cash on Delivery,4,FALSE,Delivered,10
ORD-01684,1/21/2022,CUST67104,Aarav Sharma,36,Other,North,Delhi,Sports,Cricket Bat,1,14530.7,0.16,10169.91,2350.09,60.97,UPI,3,TRUE,Returned,8
ORD-02315,10/3/2022,CUST44222,Nikhil Pillai,37,Other,North,Ludhiana,Groceries,Rice (5kg),4,385.4,0.06,1455,86.48,49.02,Cash on Delivery,5,FALSE,Delivered,9
ORD-02261,9/11/2022,CUST28968,Ananya Mehta,25,Male,West,Ahmedabad,Electronics,Camera,5,48089.2,0.19,248755.47,16926,96.45,Debit Card,4,FALSE,Delivered,9
ORD-02453,11/29/2022,CUST60217,Vikram Gupta,50,Male,East,Patna,Furniture,Chair,9,23692.77,0.01,189801.32,55495.95,85.76,Cash on Delivery,,FALSE,Delivered,3
ORD-01808,11/3/2022,CUST91944,Priya Kumar,,Other,North,Delhi,Electronics,Laptop,7,51313.1,0.04,374026.43,48251.12,70.93,Credit Card,5,FALSE,Delivered,1
ORD-01952,5/13/2022,CUST78875,Nikhil Mishra,44,MALE,East,Patna,Groceries,Cooking Oil,3,284.88,0.26,817.39,50.93,105.48,UPI,3,TRUE,Returned,10
ORD-02091,7/9/2022,CUST74431,Nikhil Chatterjee,44,Female,South,Kochi,Electronics,Smartwatch,4,6126.05,0.17,32461.48,3172.94,65.78,EMI,4,FALSE,Delivered,10
ORD-01857,4/1/2022,CUST08818,Rahul Shah,35,Other,Central,Indore,Groceries,Sugar,3,303.99,0.4,728.29,43.2,35.74,Debit Card,,FALSE,Delivered,
ORD-01869,4/4/2022,CUST89646,Rohan Shah,45,Other,East,Kolkata,Sports,Football,3,1955.47,0.16,6238.78,1430,93.12,Cash on Delivery,3,FALSE,Shipped,3
ORD-01995,5/30/2022,CUST56565,Sunita Joshi,25,Male,East,Bhubaneswar,Groceries,Tea,9,363.51,0.23,3460.81,307.15,84.69,Cash on Delivery,4,TRUE,Returned,7
ORD-01983,5/26/2022,CUST55032,Meera Nair,26,Other,Central,Nagpur,Sports,Dumbbells,3,6064.09,0.03,24706.43,6641.4,55.09,Credit Card,2,FALSE,Delivered,6
ORD-01713,2/1/2022,CUST87459,Sanjay Das,22,Male,South,Chennai,Clothing,T-Shirt,9,766.29,0.28,4890.43,1599.31,46.79,UPI,1,FALSE,delivered,7
ORD-02220,8/26/2022,CUST94861,Nikhil Patel,63,Female,West,Ahmedabad,Sports,Tennis Racket,1,9516.54,0.07,11604.33,2275.4,75.61,Debit Card,4,FALSE,Shipped,4
ORD-02065,6/30/2022,CUST70033,Nisha Sharma,31,Male,East,Guwahati,Beauty,Lipstick,3,1275.56,0.37,3369.84,1461.23,99.3,Cash on Delivery,5,FALSE,Delivered,2
ORD-02089,7/9/2022,CUST77763,Shreya Nair,25,Male,North,Ludhiana,Furniture,Bed Frame,6,28297.1,0.3,183102.21,41267.82,77.25,Credit Card,1,FALSE,Delivered,3
ORD-02100,7/13/2022,CUST74233,Nisha Chatterjee,28,Other,Central,Raipur,Groceries,Rice (5kg),2,116.27,0.28,240.6,20.5,46.11,Cash on Delivery,2,FALSE,Pending,9
ORD-02131,7/24/2022,CUST50804,Nisha Bose,22,Female,Central,Bhopal,Groceries,Dal (1kg),9,422.02,0.37,3424.01,264.5,83.86,Net Banking,,TRUE,Returned,4
ORD-02079,7/6/2022,CUST04011,Ananya Mehta,42,Male,South,Kochi,Clothing,T-Shirt,8,946.16,0.31,7291.61,3065.47,76.81,UPI,2,FALSE,Delivered,8
ORD-02447,11/28/2022,CUST28654,Ananya Singh,34,Other,North,Amritsar,Groceries,Tea,3,394.51,0.05,858.05,56.54,50.11,UPI,2,FALSE,Shipped,7
ORD-02446,11/28/2022,CUST10062,Sanjay Bhat,65,FEMALE,North,Delhi,Beauty,Lipstick,3,2301.12,0.01,5967.23,3374.68,44.75,Debit Card,3,FALSE,Delivered,9
ORD-02244,9/6/2022,CUST41690,Sanjay Joshi,37,Other,Central,Raipur,Groceries,Tea,10,133.2,0.32,1074.27,100.19,64.48,EMI,3,FALSE,Delivered,8
ORD-02245,9/7/2022,CUST73701,Deepa Patel,,Other,South,Kochi,Electronics,Laptop,4,45635.8,0.04,195002.92,30972.52,69.48,Net Banking,4,FALSE,delivered,1
ORD-01654,1/7/2022,CUST39219,Meera Iyer,5,Male,East,Kolkata,Clothing,T-Shirt,1,1100.4,0.24,775.04,226.32,62.15,Credit Card,2,FALSE,Delivered,8
ORD-02075,7/4/2022,CUST98678,Karan Kumar,63,Other,West,Ahmedabad,Electronics,Laptop,9,34736.78,0.4,281102.55,27723.9,59.96,Debit Card,3,FALSE,Delivered,4
ORD-01666,1/13/2022,CUST87705,Aditya Iyer,35,Other,North,Ludhiana,Electronics,Camera,5,49380.11,0.26,163008.08,20346.12,62.16,Net Banking,2,FALSE,Delivered,8
ORD-02503,12/22/2022,CUST96196,Pooja Singh,44,Male,Central,Indore,Beauty,Lipstick,,820.51,,632.17,211.59,67.85,UPI,3,FALSE,Delivered,7
ORD-02242,9/4/2022,CUST95868,Arjun Sharma,31,Female,South,Chennai,Furniture,Wardrobe,8,4977.01,0.28,33795.38,9634.2,84.09,UPI,4,FALSE,Delivered,8
ORD-02266,9/12/2022,CUST21061,Sanjay Das,23,Other,West,Surat,Beauty,Shampoo,10,767.55,0.35,6213.65,2480.34,45.37,Cash on Delivery,4,FALSE,Delivered,5
ORD-02321,10/5/2022,CUST59579,Aarav Mehta,47,male,Central,Indore,Beauty,Hair Oil,9,2425.68,0.16,13573.13,3678.22,64.69,UPI,1,FALSE,Delivered,9
ORD-01849,3/29/2022,CUST56391,Meera Kumar,40,Other,South,Kochi,Clothing,Jeans,5,3481.04,0.35,13960.24,3567.18,56.53,Credit Card,,FALSE,Cancelled,8
ORD-02199,8/16/2022,CUST65100,Priya Patel,41,Female,East,Kolkata,Books,Fiction Novel,2,244.36,0.12,485.28,192.95,79.16,Cash on Delivery,2,FALSE,Pending,2
ORD-02118,7/22/2022,CUST29628,Nisha Kapoor,,Male,North,Ludhiana,Groceries,Cooking Oil,1,396.39,0.09,480.61,45.56,57.89,Credit Card,2,FALSE,Delivered,1
ORD-02469,12/6/2022,CUST77482,Ritu Mishra,0,Female,North,Chandigarh,Books,Cook Book,2,393.2,0.22,537.64,210.9,48.93,Cash on Delivery,,TRUE,Returned,4
ORD-02164,8/6/2022,CUST84076,Arjun Kumar,20,Male,East,Guwahati,Books,Self-Help Book,4,529.18,0.37,1721.22,611.14,96.64,UPI,5,FALSE,Delivered,8
ORD-02308,9/30/2022,CUST13492,Karan Reddy,35,Female,North,Delhi,Books,Self-Help Book,4,288.41,0.11,1085.19,430.86,39.44,Debit Card,5,TRUE,Returned,1
ORD-01653,1/7/2022,CUST39228,Pooja Gupta,38,FEMALE,South,Chennai,Electronics,Tablet,5,67069.95,0.35,187015.17,19234.1,53.96,EMI,2,FALSE,Pending,6
ORD-01694,1/26/2022,CUST30040,Karan Kumar,24,Other,West,Ahmedabad,Electronics,Tablet,4,30494.73,0.39,68016.24,8846.49,53.6,Debit Card,2,FALSE,Delivered,4
ORD-02114,7/19/2022,CUST71584,Kavya Mehta,28,Female,South,Kochi,Furniture,Sofa,2,23522.83,0.15,53090.46,18316.25,70.07,EMI,2,FALSE,Delivered,8
ORD-02064,6/29/2022,CUST47972,Nisha Reddy,28,Female,West,Mumbai,Beauty,Lipstick,7,854.71,0.09,7728.92,3265.65,55.34,UPI,3,FALSE,Delivered,2
ORD-02307,9/29/2022,CUST02936,Amit Sharma,35,F,North,Amritsar,Books,Biography,10,723.67,0.04,9456.02,3461.29,54.96,Net Banking,,TRUE,Returned,7
ORD-02444,11/28/2022,CUST18227,Deepa Mehta,20,Female,South,Hyderabad,Groceries,Tea,6,282.54,,1669.01,157.04,101.43,UPI,2,FALSE,Shipped,9
ORD-02111,7/18/2022,CUST33335,Aditya Chatterjee,48,Other,West,Mumbai,Furniture,Sofa,10,28298.23,0.25,341316.69,107787.95,94.71,Debit Card,4,FALSE,Delivered,4
ORD-01830,3/24/2022,CUST13979,Vikram Chatterjee,28,Male,South,Chennai,Books,Cook Book,9,200.61,0.28,1329.23,806.66,52.8,Net Banking,4,FALSE,delivered,9
ORD-01953,5/13/2022,CUST12422,Nikhil Kumar,33,Female,North,Chandigarh,Books,Self-Help Book,8,941.99,0.39,6393.22,2237.36,56.26,EMI,1,TRUE,Returned,9
ORD-01811,3/12/2022,CUST60426,Arjun Pillai,41,Other,South,Hyderabad,Sports,Dumbbells,7,14019.83,0.29,84559.35,18758.65,70.82,Debit Card,5,FALSE,Delivered,1
ORD-02087,7/8/2022,CUST38893,Sunita Pillai,14,Other,Central,Bhopal,Electronics,Tablet,2,73303.92,0.03,235156.16,20863.19,67.75,Cash on Delivery,4,FALSE,Delivered,9
ORD-02217,8/26/2022,CUST06113,Rohan Nair,31,Other,South,Bangalore,Beauty,Shampoo,6,1131.18,0.05,8793.46,4445.68,69.49,Credit Card,1,FALSE,Delivered,8
ORD-02267,9/13/2022,CUST18261,Kavya Iyer,35,Male,North,Delhi,Beauty,Perfume,1,2480.5,0.07,2697.26,1008.27,42.84,UPI,2,TRUE,Returned,9
ORD-01914,4/26/2022,CUST69924,Sunita Bose,46,FEMALE,North,Ludhiana,Sports,Yoga Mat,10,9875.47,0.24,97179.05,19944.59,98.45,Credit Card,1,FALSE,Shipped,
ORD-01975,5/22/2022,CUST55730,Arjun Bose,37,Female,North,Delhi,Furniture,Wardrobe,4,31494.17,0.23,139624.11,35809.83,57.08,EMI,,TRUE,Returned,7
ORD-02441,11/25/2022,CUST43234,Rahul Singh,45,m,North,Amritsar,Sports,Yoga Mat,9,8750.14,0.23,54615.07,15670.41,45.73,UPI,2,FALSE,delivered,8
ORD-02500,12/21/2022,CUST39273,Aarav Bose,35,Other,North,Chandigarh,Groceries,Dal (1kg),2,87.85,0.19,103.31,6.42,63.89,Debit Card,1,FALSE,Delivered,10
ORD-02344,10/11/2022,CUST14351,Kavya Singh,33,Other,South,Chennai,Furniture,Wardrobe,10,33036.39,0.15,296109.08,94051.67,73.88,UPI,4,FALSE,delivered,3
ORD-02112,7/18/2022,CUST60338,Nikhil Joshi,33,Female,North,Amritsar,Furniture,Chair,4,3037.37,0.1,12378.84,3013.5,45.31,Debit Card,3,FALSE,Cancelled,4
ORD-02256,9/10/2022,CUST76072,Karan Pillai,21,Other,West,Pune,Furniture,Bookshelf,9,29503.49,0.02,295846.81,62680.47,44.27,Debit Card,1,FALSE,Shipped,3
ORD-02229,8/30/2022,CUST82156,Arjun Reddy,35,Male,North,Chandigarh,Furniture,Bookshelf,3,29848.47,0.26,88033.69,26851.32,62.97,Debit Card,5,FALSE,Pending,10
ORD-02357,10/16/2022,CUST17365,Nikhil Pillai,36,Female,Central,Raipur,Groceries,Rice (5kg),8,394.24,0.28,2269.73,208.28,66.63,Credit Card,1,FALSE,Delivered,4
ORD-01926,5/2/2022,CUST98569,Amit Joshi,29,Female,West,Mumbai,Beauty,Lipstick,4,1147.98,0.2,6361.05,3168.26,65.04,Credit Card,4,FALSE,Shipped,3
ORD-02174,8/11/2022,CUST21947,Pooja Das,14,Male,Central,Raipur,Groceries,Rice (5kg),4,226.35,0.07,989.86,91.52,55.59,Debit Card,1,FALSE,Pending,3
ORD-01785,3/3/2022,CUST57566,Sanjay Kumar,36,Male,South,Chennai,Groceries,Rice (5kg),10,206.1,0.35,1777.49,133.97,79.95,UPI,2,FALSE,Delivered,1
ORD-02197,8/16/2022,CUST78749,Aarav Joshi,36,Male,South,Hyderabad,Clothing,Jacket,7,1443.52,0.13,11305.88,3465.68,55.23,Credit Card,1,TRUE,Returned,5
ORD-01714,2/2/2022,CUST52422,Priya Mishra,8,Other,Central,Indore,Sports,Football,5,13240.63,0.26,46691.07,9265.4,67.49,Net Banking,5,FALSE,Delivered,5
ORD-02268,9/14/2022,CUST89600,Aarav Joshi,51,Male,South,Chennai,Sports,Football,2,13833.36,0.06,30150.8,8534.61,40.57,Net Banking,,FALSE,Delivered,8
ORD-01722,5/2/2022,CUST63028,Deepa Mishra,31,Other,Central,Bhopal,Groceries,Tea,8,367.78,0.05,2940.06,156.67,59.05,Net Banking,3,FALSE,Delivered,10
ORD-01673,1/17/2022,CUST61953,Nikhil Iyer,36,Male,West,Mumbai,Beauty,Perfume,7,1098.02,0.23,4476.08,2091.36,61.05,Cash on Delivery,3,FALSE,Delivered,10
ORD-01835,3/25/2022,CUST19761,Sanjay Gupta,35,Other,East,Bhubaneswar,Groceries,Rice (5kg),6,113.85,0.12,739.35,42.47,94.73,UPI,5,FALSE,Delivered,9
ORD-01836,3/25/2022,CUST59858,Arjun Chatterjee,51,Female,Central,Raipur,Clothing,Dress,4,3759.12,0.06,16565.63,5889.66,49.87,Cash on Delivery,3,FALSE,Delivered,1
ORD-02297,9/23/2022,CUST42672,Kavya Nair,33,Male,West,Mumbai,Beauty,Perfume,5,926.42,0.25,3809.66,1528.7,64.01,Debit Card,5,FALSE,Shipped,6
ORD-01743,2/13/2022,CUST21723,Kavya Gupta,31,Other,North,Ludhiana,Books,Comic Book,3,1239.02,0.3,2496.6,753.81,47.04,Credit Card,3,FALSE,Delivered,1
ORD-02306,9/29/2022,CUST12892,Nisha Pillai,35,Male,Central,Nagpur,Clothing,Jacket,2,3165.33,0.27,5468.29,1737.74,73.28,Credit Card,4,FALSE,delivered,2
ORD-02019,6/9/2022,CUST93903,Karan Patel,28,Other,Central,Indore,Groceries,Sugar,10,430.31,0.09,5372.93,397.37,47.6,Net Banking,1,FALSE,Delivered,2
ORD-02148,7/31/2022,CUST63511,Pooja Nair,28,m,East,Patna,Books,Fiction Novel,6,817.12,0.36,4458.93,1524.76,74.5,Cash on Delivery,1,TRUE,Returned,9
ORD-02168,9-Aug-22,CUST41061,Priya Iyer,39,Male,West,Mumbai,Books,Textbook,4,426.71,0.25,1765.74,838.62,39.2,Debit Card,4,TRUE,Returned,8
ORD-01935,4-May-22,CUST62118,Deepa Kumar,34,Female,North,Chandigarh,Groceries,Tea,6,429.91,0.13,2947.93,145.45,42.69,Debit Card,5,FALSE,Delivered,3
ORD-02195,8/15/2022,CUST93002,Rahul Mehta,39,Other,East,Bhubaneswar,Furniture,Bookshelf,1,27840.27,0.33,29507.88,7118.47,59.77,Cash on Delivery,4,FALSE,Delivered,4
ORD-02082,7/7/2022,CUST70646,Karan Bhat,39,male,North,Amritsar,Groceries,Flour,2,345.49,0.39,710.96,51.95,61.64,UPI,4,FALSE,Delivered,10
ORD-02286,9/19/2022,CUST95250,Arjun Shah,44,Female,North,Delhi,Sports,Football,9,3394.34,0.06,39194.69,8874.98,16.96,Debit Card,2,TRUE,Returned,8
ORD-01748,15-Feb-22,CUST68997,Pooja Kumar,56,Female,East,Kolkata,Clothing,Saree,10,3465.09,0.2,25651.74,8796.12,99.4,EMI,5,FALSE,Delivered,9
ORD-01860,4/1/2022,CUST41096,Kavya Reddy,27,Male,West,Surat,Furniture,Bookshelf,10,21474.06,0.33,214328.13,31877.36,49.93,EMI,2,FALSE,Delivered,8
ORD-01757,2/17/2022,CUST67988,Nikhil Kapoor,30,Other,South,Chennai,Beauty,Perfume,3,1566.52,0.37,2439.84,1173.24,81.77,EMI,1,TRUE,Returned,3
ORD-02392,11/1/2022,CUST20067,Priya Bhat,40,Male,North,Ludhiana,Electronics,Laptop,10,34447.29,0.14,242331.73,27631.34,29.16,Credit Card,5,FALSE,Shipped,6
ORD-01863,4/2/2022,CUST08965,Pooja Bose,49,Other,West,Ahmedabad,Furniture,Bookshelf,2,29772.1,0.21,57845.42,17251.72,57.47,Net Banking,2,FALSE,Pending,6
ORD-01842,3/26/2022,CUST29238,Nisha Kapoor,31,M,South,Hyderabad,Groceries,Rice (5kg),4,240.11,0.22,999.98,98.61,73.81,Net Banking,3,FALSE,Delivered,10
ORD-02516,12/28/2022,CUST04115,Pooja Mehta,28,Female,East,Patna,Furniture,Wardrobe,6,6993.08,0.36,20187.04,5220.66,87.7,Cash on Delivery,1,FALSE,Delivered,5
ORD-02162,8/5/2022,CUST70128,Priya Rao,,Other,East,Kolkata,Books,Self-Help Book,3,1288.6,0.03,4314.77,1600.29,88.39,Debit Card,5,FALSE,Delivered,2
ORD-01965,5/18/2022,CUST41329,Nikhil Verma,37,Female,West,Mumbai,Clothing,Saree,9,2779.53,0.35,21070.99,8557.51,60.61,EMI,2,FALSE,Delivered,7
ORD-02410,11/6/2022,CUST42492,Vikram Das,31,Other,South,Bangalore,Electronics,Smartphone,2,71479.88,0.14,89772.04,10563.18,80.96,Credit Card,4,TRUE,Returned,3
ORD-02285,9/19/2022,CUST27442,Rahul Sharma,25,Female,Central,Nagpur,Beauty,Perfume,6,226.83,0.24,1203.63,638.69,48.65,Debit Card,3,FALSE,Delivered,1
ORD-02014,6/6/2022,CUST26242,Rohan Chatterjee,50,Female,North,Delhi,Furniture,Sofa,9,18354.53,0.4,119623.01,46776.23,60.02,Credit Card,3,FALSE,delivered,10
ORD-02234,8/31/2022,CUST98675,Sunita Shah,28,Female,East,Bhubaneswar,Beauty,Lipstick,8,1190.38,0.29,9135.75,5877.03,93.18,UPI,1,TRUE,Returned,1
ORD-02156,8/4/2022,CUST99111,Meera Nair,33,Other,Central,Bhopal,Beauty,Sunscreen,1,1864.55,0.02,2317.03,835.39,82.42,EMI,1,TRUE,Returned,5
ORD-02101,7/13/2022,CUST17742,Meera Verma,47,Female,South,Hyderabad,Electronics,Smartphone,6,9010.34,0.38,49758.87,5134.33,75.34,UPI,4,FALSE,delivered,10
ORD-01641,1/1/2022,CUST87800,Rahul Patel,51,m,East,Bhubaneswar,Furniture,Bookshelf,1,27509.11,0.34,17323.1,3413.01,50.42,Credit Card,2,TRUE,Returned,9
ORD-01737,2/10/2022,CUST67585,Vikram Verma,15,Female,Central,Indore,Books,Self-Help Book,9,1403.46,0.3,9214.56,4061.53,49.87,Debit Card,,TRUE,Returned,6
ORD-01957,5/15/2022,CUST64737,Rahul Kapoor,57,Other,North,Amritsar,Electronics,Headphones,5,40573.07,0.31,232526.04,20245.06,51.87,UPI,5,FALSE,Delivered,5
ORD-02172,8/10/2022,CUST49313,Rohan Verma,38,Other,South,Kochi,Sports,Cricket Bat,4,2688.74,0.36,7914.11,1551.65,54.97,UPI,2,FALSE,Cancelled,1
ORD-01844,3/26/2022,CUST38409,Kavya Verma,46,Other,West,Surat,Clothing,Saree,6,2129.97,0.33,10588.9,4603.57,41.82,Net Banking,2,FALSE,Delivered,1
ORD-02293,9/21/2022,CUST83140,Kavya Iyer,19,Male,Central,Raipur,Furniture,Wardrobe,9,11670.17,0.29,98477.31,25127.73,70.57,Credit Card,2,FALSE,Pending,5
ORD-02488,12/16/2022,CUST92446,Arjun Pillai,38,Female,Central,Nagpur,Clothing,Saree,7,3070.57,0.11,15759.57,5224.39,34.38,Credit Card,1,FALSE,Delivered,2
ORD-02468,12/6/2022,CUST62783,Priya Mishra,35,Male,South,Bangalore,Clothing,T-Shirt,10,1323.89,0.17,7846.07,2864.34,73.19,Credit Card,3,FALSE,Delivered,6
ORD-01927,5/2/2022,CUST95099,Nisha Verma,23,Other,West,Pune,Clothing,Kurta,9,2847.87,0.1,33393.53,12191.27,82.56,Debit Card,2,FALSE,Cancelled,1
ORD-01913,4/25/2022,CUST36526,Ananya Kapoor,2,Other,Central,Nagpur,Sports,Tennis Racket,9,1049.52,0.1,10418.77,2621.33,73.93,EMI,2,FALSE,Delivered,5
ORD-01669,1/15/2022,CUST66582,Deepa Singh,,Female,South,Hyderabad,Electronics,Tablet,9,32073.99,0.13,216523.83,25075.11,53.93,Debit Card,1,FALSE,Delivered,1
ORD-01942,5/8/2022,CUST68557,Sunita Patel,43,Male,North,Amritsar,Books,Cook Book,6,1175.95,0.21,6295.77,2412.95,48.24,UPI,1,FALSE,Delivered,8
ORD-02325,10/6/2022,CUST90684,Nisha Kumar,33,Other,East,Guwahati,Furniture,Wardrobe,,3653.99,0.28,2715.55,857.67,97.14,Cash on Delivery,4,FALSE,Delivered,8
ORD-02035,6/16/2022,CUST24912,Vikram Chatterjee,20,F,South,Kochi,Groceries,Flour,3,328.35,0.36,955.25,66.63,38.42,Credit Card,1,TRUE,Returned,3
ORD-01934,5/4/2022,CUST13888,Nikhil Verma,14,Female,East,Bhubaneswar,Clothing,Dress,1,487.63,0.12,645.7,264.52,80.56,Net Banking,3,FALSE,Shipped,6
ORD-02252,9/8/2022,CUST72140,Ritu Nair,60,Male,East,Guwahati,Groceries,Rice (5kg),6,415.02,0.39,1807.15,138.97,100.53,Credit Card,1,FALSE,Cancelled,3
ORD-02397,11/2/2022,CUST53890,Kavya Kapoor,46,Other,North,Chandigarh,Clothing,Dress,3,1457.48,0.04,3326.03,1139.23,47.06,Credit Card,5,FALSE,Delivered,10
ORD-01873,4/6/2022,CUST87809,Kavya Das,32,Male,North,Chandigarh,Sports,Cricket Bat,3,12278.87,0.07,50117.69,7600.27,55.32,Debit Card,5,FALSE,Delivered,2
ORD-01680,1/19/2022,CUST80666,Priya Shah,21,Female,East,Bhubaneswar,Furniture,Wardrobe,6,21414.6,0.08,101055.44,14653.33,77.51,Cash on Delivery,4,FALSE,Delivered,8
ORD-02521,12/31/2022,CUST93392,Deepa Bhat,26,Male,West,Mumbai,Groceries,Dal (1kg),9,337.76,0.24,1704.17,132.99,68.46,UPI,3,TRUE,Returned,5
ORD-01692,1/24/2022,CUST69225,Sanjay Bhat,18,Female,West,Pune,Beauty,Face Cream,7,2018.15,0.11,10594.06,5708.86,69.44,Net Banking,2,FALSE,pending,1
ORD-02237,9/2/2022,CUST79034,Deepa Gupta,28,FEMALE,East,Kolkata,Furniture,Chair,10,20258.77,0.26,164321.16,44354.41,81.28,UPI,3,FALSE,Delivered,
ORD-02207,8/20/2022,CUST52808,Nisha Kapoor,32,Female,East,Bhubaneswar,Books,Comic Book,8,748.13,0.13,6986.54,2050.35,76.68,Debit Card,2,FALSE,Delivered,3
ORD-01647,1/4/2022,CUST89140,Aditya Pillai,20,Male,West,Surat,Sports,Dumbbells,5,2889.82,0.01,12487.02,2820.46,70.26,Credit Card,5,FALSE,Delivered,9
ORD-02033,6/15/2022,CUST51814,Ritu Kumar,38,Other,East,Guwahati,Sports,Tennis Racket,9,12169.11,0.1,140742.77,29276.65,63.19,Net Banking,5,FALSE,Pending,8
ORD-02302,9/25/2022,CUST57376,Aarav Singh,30,Male,Central,Nagpur,Clothing,Dress,2,1047.08,0.14,2238.06,854.12,49.15,Net Banking,5,FALSE,Delivered,6
ORD-01685,1/21/2022,CUST87567,Rahul Shah,41,Other,South,Kochi,Beauty,Hair Oil,5,1126.89,0.3,3560.92,953.02,77.15,EMI,4,FALSE,Delivered,3
ORD-02227,8/29/2022,CUST03537,Priya Singh,27,Other,East,Bhubaneswar,Sports,Cricket Bat,1,5779.22,0.31,5109.23,997.26,61.33,Debit Card,4,TRUE,Returned,5
ORD-01981,5/25/2022,CUST59895,Sanjay Rao,34,Male,East,Bhubaneswar,Electronics,Smartwatch,10,74467.03,0.06,941142.08,81264.87,92.07,EMI,4,FALSE,Delivered,10
ORD-01783,3/2/2022,CUST27111,Rohan Gupta,37,F,West,Ahmedabad,Groceries,Flour,5,86.9,0.34,357.63,31.6,52.67,Net Banking,4,FALSE,Delivered,2
ORD-02280,9/16/2022,CUST85697,Nisha Kumar,38,Male,South,Hyderabad,Furniture,Chair,5,22143.81,0.12,118422.68,31149.72,53.5,EMI,2,TRUE,Returned,8
ORD-01898,4/17/2022,CUST93402,Sanjay Joshi,37,Female,East,Bhubaneswar,Groceries,Rice (5kg),10,64.44,0.04,923.93,67.39,69.3,UPI,3,TRUE,Returned,2
ORD-01822,3/16/2022,CUST25475,Kavya Pillai,54,Female,East,Bhubaneswar,Clothing,Jacket,8,3480.42,0.26,26432.66,9634.62,82.01,EMI,2,TRUE,Returned,10
ORD-02486,12/15/2022,CUST08668,Ritu Reddy,27,Female,South,Bangalore,Electronics,Headphones,10,27390.35,0.14,206094.85,28830.39,84.68,UPI,3,TRUE,Returned,10
ORD-02310,10/1/2022,CUST33052,Sunita Bhat,32,Other,North,Amritsar,Beauty,Hair Oil,8,963.22,0.23,5534.19,2484.8,60.98,EMI,3,FALSE,Delivered,3
ORD-02018,6/9/2022,CUST30360,Deepa Patel,26,F,East,Kolkata,Furniture,Chair,7,27994.03,0.19,268698.01,53596.61,69.11,Cash on Delivery,3,FALSE,Cancelled,2
ORD-01950,5/11/2022,CUST82536,Sanjay Bose,17,Female,West,Mumbai,Groceries,Cooking Oil,8,186.85,0.28,1720.56,141.73,50.9,Debit Card,1,FALSE,Cancelled,6
ORD-01906,4/22/2022,CUST38374,Deepa Das,,Other,West,Mumbai,Clothing,Saree,3,3141.61,0.25,8685.88,2933.74,44.85,Net Banking,3,FALSE,Cancelled,8
ORD-02185,8/14/2022,CUST95667,Deepa Reddy,,Other,North,Chandigarh,Sports,Cycle,2,9154.56,0.24,20269.39,2758.48,67.71,UPI,1,FALSE,Delivered,8
ORD-01875,7/4/2022,CUST64095,Arjun Das,30,Female,East,Patna,Clothing,Saree,7,411.78,0.28,3259.85,1493.17,93.37,Credit Card,1,TRUE,Returned,3
ORD-01719,2/4/2022,CUST35511,Karan Bose,,Male,East,Kolkata,Groceries,Dal (1kg),6,141.78,0.16,766.42,53.3,63.43,Cash on Delivery,3,FALSE,Delivered,
ORD-01665,1/13/2022,CUST72087,Pooja Mishra,41,Male,South,Chennai,Sports,Tennis Racket,7,14245.64,0.23,63223.16,13091.37,63.46,UPI,1,FALSE,Delivered,3
ORD-02359,10/17/2022,CUST04245,Sanjay Iyer,150,M,South,Chennai,Groceries,Tea,1,297.84,0.32,181.61,14.32,62.86,Credit Card,4,FALSE,Delivered,6
ORD-01667,1/13/2022,CUST51290,Shreya Kumar,60,Other,East,Patna,Groceries,Tea,5,77.06,0.11,253.58,18.83,83.91,Net Banking,4,FALSE,Delivered,10
ORD-02317,10/4/2022,CUST47149,Amit Verma,41,Other,North,Delhi,Clothing,Kurta,7,3985.89,0.33,19751.99,7041.24,37.55,UPI,5,FALSE,Shipped,2
ORD-02450,11/28/2022,CUST85866,Nikhil Pillai,36,Female,Central,Bhopal,Sports,Football,8,7873.54,0.23,37930.36,9903.07,42.71,UPI,2,FALSE,Delivered,5
ORD-01729,2/8/2022,CUST21576,Rohan Joshi,20,Other,Central,Bhopal,Furniture,Desk,9,22414.18,0.26,154810.39,52685.24,39.71,UPI,4,FALSE,Delivered,5
ORD-01765,2/20/2022,CUST28045,Rahul Gupta,35,FEMALE,North,Delhi,Books,Fiction Novel,3,477.72,0.39,901.37,311.79,41.76,EMI,1,TRUE,Returned,2
ORD-01767,2/21/2022,CUST86434,Kavya Joshi,37,Other,Central,Nagpur,Sports,Tennis Racket,6,4023.89,0.1,22623.39,2450.18,43.87,Credit Card,4,FALSE,Cancelled,2
ORD-01782,3/2/2022,CUST00399,Sunita Patel,26,female,Central,Bhopal,Furniture,Sofa,4,9797.48,0.19,35253.8,6234.5,54.57,Credit Card,4,FALSE,Delivered,10
ORD-02393,11/1/2022,CUST36476,Priya Iyer,32,Other,West,Pune,Groceries,Sugar,3,391.44,0.02,842.74,75.65,67.46,EMI,5,FALSE,Delivered,2
ORD-02243,9/6/2022,CUST19197,Pooja Mehta,25,Male,North,Amritsar,Books,Self-Help Book,1,834.25,0.18,828.78,257.11,40.7,EMI,1,FALSE,Cancelled,2
ORD-02443,11/26/2022,CUST14094,Ananya Bose,62,Female,East,Guwahati,Clothing,Kurta,6,2854.71,0.08,14003.32,2778.35,104.98,Credit Card,3,FALSE,Delivered,7
ORD-01744,2/14/2022,CUST90888,Ritu Rao,,Other,North,Ludhiana,Books,Biography,2,297.05,0.19,431.92,187.79,46.2,Debit Card,3,FALSE,Delivered,9
ORD-02331,9/10/2022,CUST06489,Nikhil Verma,47,Other,South,Bangalore,Furniture,Sofa,6,5535.62,0.27,20778.29,3962.34,76.76,Credit Card,3,FALSE,Delivered,5
ORD-02006,6/4/2022,CUST22452,Sanjay Verma,8,Other,North,Amritsar,Clothing,Jeans,7,2943.52,0.27,21771.76,5661.41,21.72,Credit Card,4,FALSE,Shipped,3
ORD-01895,4/16/2022,CUST07132,Meera Mishra,32,Other,Central,Nagpur,Groceries,Dal (1kg),6,85.52,0.26,564.09,43.08,32.8,Debit Card,4,FALSE,Delivered,7
ORD-01899,4/17/2022,CUST81485,Amit Bose,18,Other,West,Surat,Furniture,Bookshelf,5,15688.53,0.03,85481.83,16735.14,49.69,Credit Card,4,FALSE,Delivered,10
ORD-02049,6/21/2022,CUST42115,Pooja Chatterjee,55,F,North,Delhi,Beauty,Sunscreen,7,2037.82,0.02,21578.84,9156.6,69.79,Credit Card,3,FALSE,Shipped,8
ORD-02475,12/10/2022,CUST99227,Priya Rao,54,Other,North,Ludhiana,Groceries,Cooking Oil,3,448.85,0.02,1000.55,81.62,54.31,Credit Card,2,FALSE,Cancelled,2
ORD-02216,8/25/2022,CUST38823,Deepa Mehta,35,Female,North,Amritsar,Electronics,Tablet,7,62975.42,0.22,468129.68,79235.51,49.03,EMI,2,TRUE,Returned,9
ORD-02081,7/6/2022,CUST66488,Sunita Das,27,f,South,Chennai,Beauty,Perfume,9,1127.06,0.38,9829.11,4003.53,54.43,EMI,5,FALSE,Delivered,5
ORD-02161,8/5/2022,CUST39402,Vikram Iyer,38,Other,South,Chennai,Furniture,Sofa,5,17880.95,0.03,116528.23,33231.6,47.07,Net Banking,1,FALSE,Pending,2
ORD-02209,8/21/2022,CUST97691,Aarav Reddy,44,Female,South,Hyderabad,Books,Comic Book,2,1390.9,0.4,2194.06,741.62,68.5,Credit Card,2,FALSE,Delivered,8
ORD-02337,10/10/2022,CUST50406,Rohan Mehta,21,Male,West,Ahmedabad,Electronics,Smartwatch,6,78971.02,0.22,377676.65,38339.77,61.31,EMI,3,FALSE,Shipped,9
ORD-01763,2/19/2022,CUST50692,Nisha Gupta,4,Other,Central,Nagpur,Clothing,Kurta,2,3632.97,0.15,6196.59,1525.34,56.08,Cash on Delivery,,FALSE,Delivered,2
ORD-01871,4/5/2022,CUST74013,Arjun Singh,41,Female,North,Delhi,Electronics,Headphones,2,17140.58,0.38,30862.38,4123.18,34.79,Debit Card,2,FALSE,Delivered,5
ORD-01777,2/27/2022,CUST89073,Nisha Das,26,Female,South,Kochi,Clothing,Kurta,7,3036.93,0.24,15791.37,5788.85,87.14,Net Banking,1,FALSE,Delivered,10
ORD-02491,12/17/2022,CUST60962,Ritu Joshi,16,Male,Central,Indore,Beauty,Hair Oil,2,1398.45,0.29,1359,537.38,44.47,Net Banking,4,FALSE,Shipped,9
ORD-02415,11/9/2022,CUST74245,Karan Reddy,37,Female,West,Surat,Groceries,Cooking Oil,9,389.41,0.02,2847.85,272.2,66.43,EMI,5,FALSE,Delivered,1
ORD-01885,4/12/2022,CUST27246,Ananya Mehta,39,Female,South,Bangalore,Books,Self-Help Book,10,231.25,0.27,2387.56,908.86,50.77,Cash on Delivery,1,FALSE,Pending,5
ORD-02291,9/21/2022,CUST86351,Rohan Iyer,54,Female,Central,Indore,Books,Fiction Novel,2,1340.31,0.03,2902.07,1116.16,67.16,EMI,4,FALSE,Pending,7
ORD-02137,7/27/2022,CUST01916,Pooja Verma,37,Female,Central,Nagpur,Furniture,Desk,8,31076.19,0.36,234872.45,66519.22,47.98,Net Banking,2,FALSE,Delivered,6
ORD-01730,2/8/2022,CUST08530,Priya Verma,38,male,South,Kochi,Sports,Cycle,1,11257.57,0.19,9056.57,2063.37,75.32,Credit Card,5,FALSE,Delivered,1
ORD-01934,5/4/2022,CUST13888,Nikhil Verma,14,Female,East,Bhubaneswar,Clothing,Dress,1,487.63,0.12,645.7,264.52,80.56,Net Banking,3,FALSE,Shipped,6
ORD-02361,10/17/2022,CUST59891,Meera Shah,,Other,Central,Indore,Books,Textbook,3,1036.73,0.14,2702.94,1061.86,58.18,Net Banking,1,FALSE,Shipped,6
ORD-01984,5/26/2022,CUST04061,Karan Sharma,31,Female,West,Mumbai,Clothing,Kurta,10,1278.88,0.2,17829.4,6153.63,43.3,Credit Card,3,FALSE,Delivered,8
ORD-02190,8/14/2022,CUST31810,Priya Kapoor,48,Other,West,Surat,Groceries,Rice (5kg),2,179.94,0.39,272.5,14.86,56.43,EMI,1,FALSE,Shipped,3
ORD-01661,1/11/2022,CUST94914,Nisha Mishra,36,Other,South,Kochi,Clothing,Kurta,3,3496.76,0.05,8060.61,2308.11,40.95,Credit Card,4,FALSE,Delivered,3
ORD-01724,2/6/2022,CUST56841,Priya Gupta,20,Male,East,Guwahati,Clothing,Jacket,2,2075.29,0.21,2998.78,1031.57,62.3,Debit Card,4,FALSE,Delivered,1
ORD-01945,5/8/2022,CUST15198,Aarav Bhat,33,Other,Central,Nagpur,Clothing,T-Shirt,7,607.95,0.38,3644.03,1026.1,64.63,Net Banking,3,FALSE,Delivered,1
ORD-01880,4/10/2022,CUST68733,Nikhil Nair,37,Male,East,Patna,Groceries,Flour,2,153.14,0.29,289.25,25.46,77.75,UPI,5,FALSE,Delivered,8
ORD-01752,2/16/2022,CUST58616,Nikhil Singh,34,Other,North,Delhi,Books,Cook Book,10,1347.14,0.17,12168.87,3966.61,43.49,UPI,,TRUE,Returned,3
ORD-01890,4/15/2022,CUST59516,Priya Nair,46,Female,South,Kochi,Clothing,T-Shirt,8,2375.65,0.39,14431.7,5032.2,74.26,UPI,3,FALSE,Delivered,5
ORD-02160,8/5/2022,CUST01889,Rahul Verma,31,Other,Central,Raipur,Beauty,Hair Oil,4,1536.84,0,8572.24,4876.08,73.06,Debit Card,5,FALSE,Delivered,6
ORD-02513,12/27/2022,CUST10153,Vikram Pillai,49,Other,West,Ahmedabad,Groceries,Flour,1,111.85,0.03,85.28,7.87,62.85,EMI,1,FALSE,Delivered,3
ORD-02354,10/14/2022,CUST69204,Arjun Joshi,3,Other,North,Ludhiana,Sports,Yoga Mat,1,6882.24,0.06,5996.92,1545.12,56.46,Cash on Delivery,,TRUE,Returned,3
ORD-02110,7/17/2022,CUST80301,Priya Mehta,31,Other,Central,Indore,Books,Self-Help Book,,854,0.33,691.57,321.8,40.83,Cash on Delivery,1,TRUE,Returned,6
ORD-02233,8/31/2022,CUST53670,Deepa Iyer,32,Male,West,Surat,Clothing,Dress,7,3559.36,0.26,22968.4,9552.92,50.49,Net Banking,4,FALSE,Delivered,5
ORD-02135,7/25/2022,CUST59057,Sunita Patel,44,Other,East,Kolkata,Sports,Tennis Racket,8,12531.28,0.26,102179.33,18509.68,84.53,Cash on Delivery,1,FALSE,Shipped,6
ORD-02368,10/21/2022,CUST57089,Shreya Bhat,48,Male,West,Ahmedabad,Furniture,Sofa,,6159.86,0.03,5594.1,1071.64,52.14,EMI,2,FALSE,Delivered,5
ORD-01658,9/1/2022,CUST14731,Aditya Patel,37,Female,Central,Nagpur,Beauty,Perfume,2,1173.03,0.29,1370.12,604.94,50.86,Debit Card,3,FALSE,Delivered,1
ORD-02130,7/24/2022,CUST23716,Vikram Nair,46,Other,West,Surat,Beauty,Face Cream,8,1555.78,0.04,16126.18,4937.06,68.28,Net Banking,3,FALSE,Delivered,10
ORD-02092,7/9/2022,CUST11724,Aarav Reddy,38,Male,East,Patna,Groceries,Tea,10,282.32,0.11,3690.15,255.64,68.13,EMI,4,TRUE,Returned,2
ORD-02330,10/8/2022,CUST47001,Nikhil Mishra,29,Other,Central,Nagpur,Sports,Cricket Bat,7,8342.21,0.31,46118.01,10147.74,47.94,Credit Card,5,FALSE,Delivered,1
ORD-02454,29-Nov-22,CUST09118,Aarav Verma,27,Other,East,Kolkata,Sports,Football,1,2937.76,0.07,2128.61,360.5,64.66,Credit Card,5,FALSE,Delivered,6
ORD-01941,5/6/2022,CUST72548,Vikram Verma,40,Female,Central,Bhopal,Beauty,Face Cream,5,663.74,0.09,4621.52,2166.11,60.08,Credit Card,2,FALSE,Delivered,4
ORD-02073,7/3/2022,CUST56467,Karan Kumar,36,Other,Central,Nagpur,Beauty,Hair Oil,7,541.57,0.38,3426.91,1569.49,60.06,EMI,2,FALSE,Delivered,3
ORD-02253,9/9/2022,CUST22702,Arjun Rao,54,Female,East,Kolkata,Furniture,Wardrobe,5,26136.57,0,148485.58,38154.91,66.36,UPI,1,FALSE,Cancelled,5
ORD-02071,7/3/2022,CUST84689,Meera Sharma,25,Other,West,Mumbai,Beauty,Lipstick,10,718.67,0.32,6934.59,2686.48,47.47,Cash on Delivery,4,FALSE,Delivered,6
ORD-01919,4/28/2022,CUST47510,Ritu Gupta,37,Female,East,Kolkata,Groceries,Flour,2,104.13,0.39,155.91,16.21,58.21,EMI,3,TRUE,Returned,10
ORD-01678,1/19/2022,CUST69653,Karan Sharma,25,Male,West,Ahmedabad,Sports,Yoga Mat,10,14755.73,0.33,79877.72,17279.41,54.29,Debit Card,5,FALSE,Delivered,6
ORD-02426,11/15/2022,CUST17865,Sanjay Pillai,32,Female,South,Bangalore,Groceries,Sugar,5,450.47,0.3,1325.61,106.62,50.58,Cash on Delivery,5,FALSE,Cancelled,7
ORD-01903,4/21/2022,CUST83392,Kavya Shah,22,Other,South,Bangalore,Sports,Dumbbells,3,10164.78,0.29,27674.49,4282.27,81.55,Cash on Delivery,,TRUE,Returned,7
ORD-01874,4/7/2022,CUST43568,Pooja Kapoor,56,Male,East,Bhubaneswar,Books,Textbook,10,781.54,0.38,5556.24,2168.7,78.77,Net Banking,5,FALSE,Delivered,4
ORD-02336,10/10/2022,CUST70109,Ananya Bose,52,Female,West,Ahmedabad,Groceries,Tea,8,473.63,0.35,3088.56,221.64,49.07,Net Banking,5,FALSE,Shipped,9
ORD-02037,6/17/2022,CUST43812,Kavya Kapoor,18,Female,South,Kochi,Groceries,Tea,10,190.56,0.06,3127.61,256.19,101.94,EMI,,TRUE,Returned,2
ORD-02102,7/14/2022,CUST33411,Karan Bose,48,Male,South,Bangalore,Sports,Yoga Mat,9,3817.71,0.25,41379.36,8384.06,104.35,UPI,5,FALSE,Delivered,9
ORD-02387,10/30/2022,CUST50482,Aarav Iyer,26,Female,South,Kochi,Sports,Yoga Mat,8,10568.63,0.21,55630.33,14348.89,77.59,Debit Card,4,FALSE,Delivered,1
ORD-01985,26-May-22,CUST62252,Vikram Mehta,22,Male,Central,Bhopal,Sports,Dumbbells,4,871.51,0.38,3475.68,572.32,44.83,UPI,3,FALSE,Delivered,3
ORD-02036,6/16/2022,CUST01271,Ritu Gupta,21,Female,South,Chennai,Groceries,Cooking Oil,9,468.64,0.21,5155.01,228.82,46.36,Credit Card,4,FALSE,Delivered,5
ORD-02142,7/29/2022,CUST09685,Shreya Gupta,42,Female,North,Chandigarh,Sports,Yoga Mat,3,7955.73,0.22,26168.55,5570.15,48.56,Debit Card,1,FALSE,Delivered,2
ORD-02489,12/16/2022,CUST09533,Nikhil Verma,46,Other,Central,Bhopal,Sports,Football,8,2230.31,0.23,11449.66,2516.27,57.84,UPI,2,FALSE,Pending,5
ORD-01751,2/16/2022,CUST01506,Sunita Mishra,36,Female,East,Guwahati,Groceries,Flour,10,340.07,0,3411.77,221.45,94.4,UPI,1,FALSE,delivered,10
ORD-02056,6/25/2022,CUST33480,Pooja Singh,31,Other,West,Surat,Sports,Yoga Mat,1,12201.41,0.38,11448.72,2473.09,54.83,EMI,1,FALSE,Delivered,5
ORD-02422,11/12/2022,CUST80806,Deepa Bhat,26,Male,North,Amritsar,Clothing,Dress,6,2781.83,0.34,10384.52,3543.82,47.91,Credit Card,2,FALSE,Delivered,3
ORD-02269,9/14/2022,CUST17627,Deepa Kapoor,,Other,South,Bangalore,Sports,Yoga Mat,3,13367.65,0.27,30351.3,8238.28,76.52,Cash on Delivery,3,FALSE,Delivered,4
ORD-02341,10/11/2022,CUST63955,Arjun Bose,33,F,East,Guwahati,Books,Self-Help Book,4,417.82,0.02,1766.12,656.08,75.99,Cash on Delivery,2,FALSE,Delivered,3
ORD-02009,6/5/2022,CUST02356,Aarav Kapoor,28,Other,East,Kolkata,Furniture,Desk,5,34373.42,0.27,169000.08,50613.06,89.82,Debit Card,1,TRUE,Returned,5
ORD-01677,1/18/2022,CUST23764,Karan Pillai,22,M,East,Patna,Clothing,Dress,2,2911.58,0.4,2708.74,1155.62,78.02,Cash on Delivery,1,FALSE,Delivered,6
ORD-02184,8/13/2022,CUST04059,Nisha Joshi,17,Other,East,Guwahati,Electronics,Laptop,3,73253.06,0.25,209838.58,32607.06,80.92,Credit Card,4,FALSE,Pending,6
ORD-02378,10/27/2022,CUST66835,Karan Pillai,50,Male,North,Amritsar,Electronics,Tablet,1,34094.18,0.36,20167.52,2201.52,51.11,EMI,,FALSE,Delivered,7
ORD-02183,8/13/2022,CUST73899,Meera Sharma,52,Female,East,Bhubaneswar,Groceries,Sugar,2,245.29,0.28,480.57,45.1,88.28,Net Banking,5,FALSE,Delivered,5
ORD-01801,3/8/2022,CUST42354,Pooja Singh,30,Male,South,Chennai,Electronics,Smartphone,6,16805.34,0.37,72535.92,4060.33,71.78,Debit Card,4,FALSE,Delivered,3
ORD-01742,2/13/2022,CUST91415,Aarav Gupta,44,Female,Central,Nagpur,Groceries,Dal (1kg),9,479.9,0.32,3253.67,232.06,40.19,Credit Card,4,FALSE,Shipped,3
ORD-02413,11/9/2022,CUST99486,Nikhil Singh,,Female,East,Guwahati,Sports,Cricket Bat,5,4583.05,0.3,12705.05,2806.09,59.75,Net Banking,4,FALSE,Delivered,6
ORD-01933,3-May-22,CUST20246,Amit Singh,45,Male,Central,Raipur,Beauty,Hair Oil,5,434.1,0.36,2157.36,864.87,41.13,UPI,4,FALSE,delivered,7
ORD-01790,3/4/2022,CUST11770,Nisha Chatterjee,33,Other,Central,Indore,Beauty,Hair Oil,2,2360.33,0.23,4038.37,1837.87,81.05,EMI,,FALSE,Delivered,3
ORD-01794,3/5/2022,CUST42681,Deepa Joshi,40,Male,West,Pune,Sports,Football,1,1321.99,0.39,995.97,202.59,63.12,Debit Card,4,FALSE,Delivered,7
ORD-01652,1/7/2022,CUST31119,Arjun Das,33,Other,North,Ludhiana,Electronics,Tablet,5,27023.75,0.03,98800.7,15632.48,68.45,Credit Card,4,FALSE,Delivered,7
ORD-01755,2/17/2022,CUST47141,Kavya Rao,24,Male,West,Mumbai,Sports,Yoga Mat,8,4285.05,0.23,24205.27,7134.8,43.11,Cash on Delivery,,FALSE,Delivered,2
ORD-02230,8/30/2022,CUST49677,Vikram Rao,36,Other,East,Kolkata,Sports,Dumbbells,5,13503.49,0.07,73166.71,10338.38,81.11,Debit Card,3,FALSE,Delivered,9
ORD-02314,10/3/2022,CUST99949,Karan Mishra,36,Other,East,Kolkata,Groceries,Cooking Oil,7,490.56,0.36,2209.98,120.11,92.2,Net Banking,3,FALSE,Shipped,2
ORD-01740,2/12/2022,CUST21895,Sanjay Reddy,56,Male,South,Hyderabad,Clothing,Jeans,2,2432.6,0.26,3968.93,1931.36,84.81,Net Banking,5,FALSE,Delivered,8
ORD-02077,7/5/2022,CUST06928,Rahul Bhat,29,Other,West,Surat,Clothing,T-Shirt,1,332.88,0.4,306.13,129.76,83.16,Debit Card,2,FALSE,Delivered,6
ORD-02465,12/5/2022,CUST74998,Kavya Bhat,25,F,North,Delhi,Clothing,Kurta,1,336.77,0.25,197.49,67.26,67.65,UPI,5,FALSE,Delivered,0
ORD-02055,6/24/2022,CUST92237,Arjun Patel,33,Other,South,Chennai,Electronics,Smartwatch,7,54204.8,0.01,574778.48,66152.73,87.36,EMI,1,FALSE,Delivered,8
ORD-02238,9/2/2022,CUST61636,Karan Singh,55,F,South,Kochi,Electronics,Smartwatch,4,32640.78,0.24,122369.56,13905.31,46.2,UPI,3,TRUE,Returned,9
ORD-01892,4/16/2022,CUST98022,Rahul Reddy,51,Other,West,Surat,Beauty,Shampoo,7,1556.32,0.13,12767.61,6509.98,58.7,UPI,5,FALSE,Delivered,9
ORD-01709,2/1/2022,CUST24292,Kavya Kumar,38,m,North,Chandigarh,Furniture,Desk,6,33340.2,0.09,161632.18,59885,37.52,Credit Card,3,FALSE,Cancelled,7
ORD-02290,9/20/2022,CUST57859,Arjun Chatterjee,33,Male,South,Bangalore,Furniture,Wardrobe,10,29389.24,0.04,314322.83,104400.15,66.52,Cash on Delivery,1,FALSE,Delivered,6
ORD-02483,12/13/2022,CUST37391,Vikram Singh,25,Other,Central,Raipur,Electronics,Camera,3,6718.83,,17014.88,2013.32,59.88,Debit Card,3,FALSE,Delivered,1
ORD-02366,10/19/2022,CUST55712,Shreya Bose,39,Other,South,Chennai,Beauty,Hair Oil,7,128.3,0.24,712.63,385.99,51.66,Cash on Delivery,1,FALSE,Cancelled,4
ORD-02439,11/24/2022,CUST05236,Meera Rao,15,Female,Central,Raipur,Clothing,Saree,10,1673.29,0.06,12137.21,4599.2,66.5,Credit Card,4,FALSE,Delivered,2
ORD-01672,1/17/2022,CUST15767,Pooja Shah,15,Other,East,Kolkata,Clothing,Jacket,1,2361.4,0.32,1313.73,339.86,57.6,Credit Card,3,FALSE,delivered,3
ORD-01710,2/1/2022,CUST45078,Priya Reddy,36,Male,North,Chandigarh,Electronics,Smartwatch,1,21382.9,0.19,18387.23,1757.16,13.65,Cash on Delivery,5,FALSE,Delivered,6
ORD-02303,9/27/2022,CUST73687,Shreya Iyer,35,Male,West,Pune,Furniture,Bed Frame,6,4727.2,0.3,22747.1,6128.52,85.09,Net Banking,5,FALSE,Shipped,9
ORD-02472,12/8/2022,CUST85179,Shreya Iyer,40,Male,Central,Indore,Clothing,Kurta,8,3539.5,0.23,17882.7,6353.82,60.26,Net Banking,4,FALSE,Cancelled,9
ORD-02435,11/22/2022,CUST20967,Amit Sharma,36,Female,Central,Indore,Sports,Cricket Bat,9,8072.68,0.11,55849.13,10192.2,56.59,UPI,1,FALSE,Delivered,8
ORD-02509,12/25/2022,CUST45867,Shreya Rao,25,Male,North,Amritsar,Clothing,Dress,10,1001.16,0.39,4877.97,1751.33,70.65,Credit Card,,FALSE,Delivered,2
ORD-02473,12/8/2022,CUST36383,Sunita Chatterjee,47,Male,East,Guwahati,Clothing,Jacket,8,2955.05,,23271.28,7242.27,69.25,UPI,4,FALSE,Delivered,1
ORD-02225,8/28/2022,CUST76092,Amit Iyer,33,Other,West,Surat,Groceries,Tea,6,497.75,0.39,2474.96,216.67,65.8,Cash on Delivery,1,FALSE,Pending,3
ORD-01943,5/8/2022,CUST27635,Arjun Chatterjee,36,Female,West,Ahmedabad,Sports,Tennis Racket,4,9134.37,0.29,34788.58,8944.34,65.47,Net Banking,5,FALSE,Delivered,4
ORD-02312,10/1/2022,CUST81714,Rohan Kumar,32,FEMALE,East,Patna,Beauty,Shampoo,10,909.09,0.29,6829.99,3214.22,86.69,Cash on Delivery,2,FALSE,Delivered,4
ORD-02320,10/5/2022,CUST01629,Sanjay Patel,20,Male,North,Amritsar,Furniture,Desk,9,14626.63,0.32,81959.99,31885.26,43.74,Net Banking,5,FALSE,Delivered,1
ORD-02493,12/18/2022,CUST53174,Priya Bose,33,M,East,Patna,Groceries,Dal (1kg),8,117.88,0.37,478.16,41.29,88.62,Net Banking,1,TRUE,Returned,3
ORD-01828,3/19/2022,CUST21183,Karan Joshi,50,Male,East,Patna,Furniture,Wardrobe,6,14556.36,0.03,99451.13,38970.92,88.32,EMI,3,FALSE,Delivered,9
ORD-01958,5/15/2022,CUST44438,Rahul Mehta,27,Other,West,Surat,Groceries,Flour,7,92.16,0.12,864.08,53.74,65.93,Cash on Delivery,,FALSE,Delivered,2
ORD-01931,5/3/2022,CUST56329,Amit Shah,36,Other,Central,Indore,Electronics,Laptop,9,58361.52,0.14,656523.77,75288.8,48.7,Cash on Delivery,3,FALSE,Delivered,6
ORD-02502,12/22/2022,CUST57769,Kavya Shah,21,Female,North,Amritsar,Electronics,Tablet,5,48591.01,0.14,155853.93,14342.24,67.81,Debit Card,5,FALSE,Delivered,2
ORD-02471,12/7/2022,CUST13297,Nikhil Gupta,35,Other,Central,Indore,Groceries,Sugar,1,211.63,0.34,100.19,8.8,38.35,Net Banking,3,FALSE,Delivered,6
ORD-01774,2/25/2022,CUST82194,Meera Joshi,28,Other,East,Guwahati,Beauty,Hair Oil,2,2223.47,0.28,3216.13,1585.85,71.53,Debit Card,5,FALSE,Delivered,10
ORD-02072,7/3/2022,CUST80210,Arjun Pillai,47,Other,East,Bhubaneswar,Groceries,Sugar,9,402.48,0.34,3545.6,235.12,108.84,Credit Card,5,FALSE,Delivered,1
ORD-02482,12/13/2022,CUST15107,Pooja Rao,41,Other,South,Kochi,Sports,Football,,2414.28,0.09,1901.73,492.59,53.13,UPI,4,FALSE,Delivered,6
ORD-01760,2/18/2022,CUST10245,Vikram Mehta,45,Other,Central,Bhopal,Beauty,Sunscreen,3,1152.55,0.19,3015.35,955.16,65.06,Cash on Delivery,1,FALSE,Delivered,2
ORD-01846,3/27/2022,CUST07057,Karan Joshi,30,Female,Central,Bhopal,Electronics,Headphones,2,58913.07,0.37,86706.37,9273.59,54.91,Cash on Delivery,2,FALSE,Shipped,3
ORD-01908,4/23/2022,CUST76107,Rohan Kumar,34,Other,South,Kochi,Sports,Cycle,3,12939.84,0.06,52303.18,13163.15,55.28,Cash on Delivery,1,TRUE,Returned,
ORD-01791,3/4/2022,CUST01822,Priya Reddy,46,Female,West,Ahmedabad,Books,Textbook,9,1062.87,0.06,10261.94,4417.85,54.68,EMI,1,FALSE,Delivered,8
ORD-01806,3/10/2022,CUST55100,Rohan Rao,44,Male,West,Pune,Electronics,Laptop,8,33693.65,0.27,241104.48,26410.1,80.85,EMI,4,FALSE,Delivered,4
ORD-01817,3/15/2022,CUST33739,Vikram Iyer,33,Other,North,Chandigarh,Books,Textbook,10,1209.42,0.39,9490.36,4575.74,31.85,Credit Card,3,FALSE,Delivered,6
ORD-02399,11/4/2022,CUST55942,Meera Singh,46,Other,South,Kochi,Electronics,Headphones,8,45292.92,0.39,211771.49,23511.04,58.92,Credit Card,4,FALSE,Delivered,6
ORD-02461,12/3/2022,CUST40699,Aarav Iyer,39,Female,North,Delhi,Furniture,Wardrobe,10,8976.94,0.1,59488.18,14335.73,53.25,UPI,5,FALSE,Delivered,3
ORD-02061,6/28/2022,CUST88965,Nisha Nair,28,male,East,Patna,Sports,Dumbbells,10,6754.43,0.27,62381.81,13614.67,90.67,UPI,2,TRUE,Returned,5
ORD-01655,1/8/2022,CUST92097,Ritu Das,6,Male,South,Bangalore,Clothing,Jacket,4,2590.7,0.01,8555.42,3097.74,67.93,Net Banking,4,FALSE,Delivered,9
ORD-02257,9/10/2022,CUST98457,Nikhil Nair,45,Other,North,Ludhiana,Electronics,Tablet,4,37633.82,0.33,125197.09,14972.92,53.12,UPI,4,FALSE,Delivered,2
ORD-02512,12/26/2022,CUST90307,Nisha Mehta,33,Female,North,Delhi,Clothing,Jacket,4,1099.84,0.38,2509.02,890.82,49.1,Debit Card,1,FALSE,Cancelled,8
ORD-02518,12/29/2022,CUST08264,Shreya Rao,44,Male,South,Kochi,Books,Fiction Novel,3,893.48,0.25,1609.93,529.43,71.12,UPI,,FALSE,Delivered,8
ORD-01776,2/27/2022,CUST91761,Priya Patel,27,Female,East,Bhubaneswar,Sports,Dumbbells,10,5565.04,0.32,39181,7825.8,71.62,Credit Card,4,FALSE,Delivered,3
ORD-02480,12/12/2022,CUST00142,Arjun Sharma,24,Female,South,Kochi,Groceries,Sugar,5,256.82,0.05,1034.27,102.49,85.67,UPI,5,FALSE,Pending,6
ORD-02126,7/24/2022,CUST82300,Aditya Verma,54,Other,West,Pune,Beauty,Sunscreen,2,1392.89,0.22,3170.9,1551.48,64.72,UPI,3,FALSE,Cancelled,3
ORD-01656,1/8/2022,CUST94727,Karan Singh,30,Female,East,Guwahati,Clothing,Dress,5,2059.67,0.04,9298.94,5107.08,80.05,Credit Card,4,FALSE,Delivered,3
ORD-01696,28-Jan-22,CUST42627,Shreya Verma,41,Male,North,Chandigarh,Books,Comic Book,2,921.77,0.34,1063.82,488.6,72.61,Credit Card,4,FALSE,Delivered,1
ORD-02271,9/14/2022,CUST64969,Amit Gupta,37,Other,East,Kolkata,Electronics,Headphones,7,44012.8,0.02,388387,49485.75,89.27,Cash on Delivery,1,FALSE,delivered,7
ORD-02284,9/19/2022,CUST37893,Deepa Rao,30,Male,East,Patna,Electronics,Camera,8,32204.55,0.02,332387.04,37369.29,86.45,UPI,3,FALSE,Delivered,6
ORD-02294,9/22/2022,CUST45988,Sanjay Das,33,Male,North,Amritsar,Beauty,Hair Oil,7,437.18,0.02,3874.82,1697.95,54.03,Cash on Delivery,2,FALSE,Delivered,8
ORD-02358,10/16/2022,CUST18994,Priya Rao,34,Other,South,Bangalore,Books,Self-Help Book,7,1297.73,0.09,8533.63,3189.67,93.17,UPI,3,FALSE,Delivered,5
ORD-02421,11/12/2022,CUST94458,Ritu Pillai,42,Male,South,Hyderabad,Electronics,Smartphone,4,76493.84,0.09,272766.46,29631.74,60.2,Cash on Delivery,4,FALSE,Delivered,3
ORD-01825,3/17/2022,CUST98135,Aarav Mehta,17,Other,South,Bangalore,Groceries,Dal (1kg),2,57.7,0.13,117.1,5.26,69.54,Cash on Delivery,4,FALSE,Pending,4
ORD-01832,3/24/2022,CUST40044,Meera Bhat,25,Female,Central,Indore,Sports,Yoga Mat,5,2358.95,0.27,9997.67,1971.24,32.52,Cash on Delivery,,FALSE,Pending,9
ORD-01889,4/15/2022,CUST95351,Amit Bhat,40,Male,North,Amritsar,Sports,Yoga Mat,5,7694.53,0.2,39253.99,7429.11,45.05,Net Banking,2,TRUE,Returned,2
ORD-02383,10/28/2022,CUST86276,Aarav Chatterjee,33,Female,North,Chandigarh,Beauty,Sunscreen,5,240.15,0.22,946.09,433.08,72.99,Cash on Delivery,3,FALSE,Delivered,2
ORD-01930,5/3/2022,CUST18686,Nisha Nair,31,Male,West,Pune,Electronics,Smartwatch,6,38455.1,0.3,229987.15,31419.38,73.75,Credit Card,,FALSE,Delivered,10
ORD-01735,2/9/2022,CUST25514,Nikhil Bhat,49,Male,North,Ludhiana,Electronics,Headphones,6,56561.21,0.28,224338.28,29151.1,44.91,EMI,3,FALSE,Pending,6
ORD-02136,7/27/2022,CUST11127,Karan Singh,20,Female,East,Kolkata,Furniture,Bed Frame,2,31495.21,0.33,64795.12,24291.07,75.12,Cash on Delivery,2,FALSE,Delivered,2
ORD-01988,5/28/2022,CUST56529,Sunita Bose,29,Other,Central,Bhopal,Sports,Yoga Mat,3,1982.04,0.26,6584.46,1776.74,74.51,Net Banking,1,TRUE,Returned,2
ORD-01960,5/16/2022,CUST87825,Karan Kumar,35,Female,South,Chennai,Groceries,Tea,4,88.31,0.38,308.15,28.01,51.4,EMI,3,TRUE,Returned,5
ORD-02327,10/7/2022,CUST19975,Priya Kumar,23,Other,Central,Raipur,Furniture,Chair,8,14019.33,0.14,89382.21,25883.45,54.76,Cash on Delivery,5,FALSE,Cancelled,4
ORD-01732,2/8/2022,CUST51801,Shreya Gupta,18,MALE,South,Bangalore,Books,Fiction Novel,999,709.64,0.16,533420.31,141347.64,82.77,Debit Card,2,TRUE,Returned,2
ORD-01706,1/30/2022,CUST04976,Meera Kumar,49,Male,East,Guwahati,Books,Fiction Novel,7,367.79,0.06,2017.48,811.84,81.31,Cash on Delivery,,FALSE,Shipped,8
ORD-02419,11/11/2022,CUST71186,Ananya Chatterjee,30,Male,Central,Nagpur,Sports,Cycle,2,9107.15,0.1,14915.74,3305.13,61.84,Cash on Delivery,1,FALSE,Delivered,1
ORD-01646,1/4/2022,CUST16475,Nisha Reddy,37,Male,Central,Nagpur,Beauty,Face Cream,8,2293.23,0.01,15979.96,7902.58,42.27,EMI,3,FALSE,Delivered,2
ORD-02189,8/14/2022,CUST72195,Rahul Shah,39,Male,East,Guwahati,Beauty,Lipstick,6,553.63,0.36,2469.37,684.81,53.3,Debit Card,5,FALSE,shipped,4
ORD-02240,9/4/2022,CUST70797,Sunita Bhat,20,Female,North,Delhi,Furniture,Sofa,3,18846.39,0.36,38600,11313.95,56.75,Cash on Delivery,5,FALSE,Delivered,4
ORD-02143,7/30/2022,CUST46675,Pooja Rao,12,Male,Central,Bhopal,Electronics,Headphones,10,30900.53,0.18,388463.02,37366.2,64.67,EMI,1,TRUE,Returned,6
ORD-02372,10/22/2022,CUST49286,Shreya Chatterjee,34,Female,Central,Bhopal,Sports,Yoga Mat,6,9589.48,0.15,48651.38,11292.58,25.65,EMI,3,TRUE,Returned,2
ORD-02263,9/11/2022,CUST80227,Karan Joshi,37,Male,North,Amritsar,Groceries,Dal (1kg),3,466.4,0.19,1143.9,83.86,52.43,EMI,5,FALSE,Delivered,10
ORD-01915,4/27/2022,CUST50959,Rahul Kapoor,35,Male,North,Chandigarh,Sports,Dumbbells,8,13974.28,0.21,125535.27,26988.18,63.87,UPI,4,FALSE,Pending,3
ORD-01687,1/22/2022,CUST88552,Vikram Singh,48,Male,West,Mumbai,Beauty,Face Cream,9,2217.86,0.24,11510.54,6314.77,50.57,Net Banking,3,FALSE,Delivered,3
ORD-02318,10/4/2022,CUST67509,Vikram Pillai,32,Male,South,Hyderabad,Furniture,Bed Frame,3,18611.53,0.04,52590.42,13887.81,99.49,Debit Card,3,FALSE,Delivered,4
ORD-02152,8/2/2022,CUST59332,Nikhil Chatterjee,33,Female,East,Patna,Beauty,Hair Oil,8,1706.51,,20065.84,6411.9,85.58,Cash on Delivery,,FALSE,Delivered,2
ORD-01972,5/21/2022,CUST38989,Shreya Pillai,47,Female,West,Pune,Groceries,Rice (5kg),2,209.57,0.4,406.36,24.52,47.01,EMI,3,FALSE,Delivered,8
ORD-02196,8/15/2022,CUST89124,Ananya Sharma,18,Other,North,Amritsar,Beauty,Sunscreen,1,1639.28,0.06,1994.57,1129.16,33.72,Credit Card,5,FALSE,Delivered,7
ORD-01764,2/19/2022,CUST85243,Meera Mehta,34,Male,North,Delhi,Groceries,Tea,10,459.8,0.32,3495.22,314,45.01,UPI,1,FALSE,Delivered,6
ORD-02436,11/22/2022,CUST21059,Sanjay Gupta,31,Other,South,Bangalore,Groceries,Flour,9,51.92,0.31,278.98,26.11,58.05,Debit Card,2,FALSE,Delivered,8
ORD-02405,11/5/2022,CUST00698,Nikhil Joshi,46,Female,Central,Raipur,Beauty,Face Cream,10,1470.73,0.21,9648.06,5328.61,34.42,UPI,5,FALSE,Delivered,8
ORD-02449,11/28/2022,CUST58842,Aarav Iyer,16,Male,West,Ahmedabad,Electronics,Smartwatch,4,78431.71,0.06,265701.03,29588.2,70.58,UPI,1,FALSE,Shipped,10
ORD-02298,9/24/2022,CUST36266,Ritu Verma,31,Other,East,Guwahati,Sports,Yoga Mat,10,4545.91,0.01,55303.33,13195.84,71.77,EMI,3,FALSE,Delivered,9
ORD-02353,10/13/2022,CUST90384,Arjun Verma,36,Female,Central,Nagpur,Furniture,Wardrobe,2,24650.72,0.23,33579.52,8642.75,35.1,Debit Card,5,FALSE,Delivered,2
ORD-02351,10/13/2022,CUST84589,Ritu Joshi,55,Other,Central,Bhopal,Electronics,Tablet,10,13324.53,0.06,123315.72,14023.48,55.67,UPI,5,FALSE,Delivered,4
ORD-01689,1/23/2022,CUST51141,Kavya Verma,28,Female,West,Mumbai,Furniture,Wardrobe,4,9575.92,0.13,30650.77,8465.15,71.9,UPI,1,FALSE,Delivered,5
ORD-02165,8/6/2022,CUST76665,Meera Kumar,41,Other,South,Kochi,Clothing,T-Shirt,3,3296.83,0.21,11607.78,3249.52,63.52,Cash on Delivery,3,FALSE,Pending,8
ORD-02416,11/9/2022,CUST19301,Sanjay Shah,35,M,East,Patna,Sports,Tennis Racket,1,11954.34,0.15,9288.4,2396.12,82.67,Net Banking,5,FALSE,Delivered,
ORD-01768,2/22/2022,CUST56693,Amit Bhat,50,Male,Central,Indore,Clothing,T-Shirt,7,3304.59,0.12,18587.24,8409.65,54.71,Debit Card,2,FALSE,Delivered,9
ORD-02169,8/9/2022,CUST26086,Aarav Verma,45,Male,West,Ahmedabad,Clothing,Jeans,3,3376.07,0.07,13544.47,5495.51,69.6,EMI,5,FALSE,Delivered,3
ORD-02309,9/30/2022,CUST06929,Priya Verma,24,Other,Central,Raipur,Furniture,Desk,3,34037.07,0.1,115980.74,26885.75,49.16,UPI,2,FALSE,Delivered,8
ORD-01859,4/1/2022,CUST93119,Nisha Joshi,46,Female,West,Ahmedabad,Groceries,Cooking Oil,4,330.31,0.23,1343.96,143.62,54.53,UPI,2,FALSE,Delivered,9
ORD-02093,7/9/2022,CUST94639,Arjun Singh,33,Male,Central,Raipur,Groceries,Sugar,8,369.94,0.26,3428.74,224.86,71.66,EMI,2,FALSE,Delivered,5
ORD-01778,2/28/2022,CUST75473,Nisha Kapoor,41,Other,East,Patna,Books,Textbook,8,1067.22,0.26,5458.98,2138.94,104.44,Debit Card,4,FALSE,Cancelled,4
ORD-01987,5/28/2022,CUST54169,Meera Pillai,23,Male,West,Mumbai,Electronics,Headphones,6,5871.14,0.18,43719.56,4755.5,68.01,Debit Card,2,FALSE,Delivered,5
ORD-02095,7/10/2022,CUST53657,Meera Nair,0,Other,West,Surat,Electronics,Smartphone,1,48337.97,0.32,44955.59,5471.73,70.75,Cash on Delivery,3,FALSE,Cancelled,2
ORD-01643,1/1/2022,CUST47779,Vikram Iyer,16,Other,East,Guwahati,Clothing,Jacket,2,2623.07,0.38,3223.71,1450.69,53.01,EMI,2,FALSE,delivered,5
ORD-02186,8/14/2022,CUST37457,Pooja Singh,35,Other,Central,Raipur,Beauty,Sunscreen,1,2306.84,0.07,3142.24,1403.38,57.67,Credit Card,5,FALSE,Delivered,10
ORD-02455,11/30/2022,CUST78730,Ananya Shah,30,Male,North,Delhi,Beauty,Perfume,9,489.2,0.11,3465.11,1799.02,53.71,EMI,5,FALSE,Delivered,1
ORD-02448,11/28/2022,CUST48568,Priya Chatterjee,37,Other,South,Hyderabad,Books,Biography,1,1315.36,0.14,962.09,365.81,67.33,Cash on Delivery,4,TRUE,Returned,2
ORD-01877,4/7/2022,CUST48958,Ritu Sharma,39,Male,South,Bangalore,Books,Fiction Novel,1,801.96,0.04,1115.18,461.7,65.93,Cash on Delivery,5,FALSE,Delivered,2
ORD-01740,2/12/2022,CUST21895,Sanjay Reddy,56,Male,South,Hyderabad,Clothing,Jeans,2,2432.6,0.26,3968.93,1931.36,84.81,Net Banking,5,FALSE,Delivered,8
ORD-02074,7/4/2022,CUST45847,Ananya Bose,53,Other,East,Guwahati,Groceries,Cooking Oil,1,365.27,0.16,496.1,27.14,70.65,Net Banking,4,FALSE,Cancelled,2
ORD-02140,7/28/2022,CUST21643,Shreya Mehta,26,Female,North,Amritsar,Books,Fiction Novel,6,868.63,0.18,5798,3070,44.25,Net Banking,4,FALSE,Shipped,7
ORD-01728,2/8/2022,CUST08152,Arjun Pillai,14,Female,East,Kolkata,Beauty,Sunscreen,5,2361.07,0.36,6532.57,2671.52,102.42,Credit Card,4,FALSE,Delivered,1
ORD-02277,9/16/2022,CUST41635,Priya Pillai,22,Female,North,Amritsar,Electronics,Laptop,4,63972.59,0.28,208355.63,16914.36,37.35,UPI,1,FALSE,Cancelled,7
ORD-01726,2/7/2022,CUST66954,Kavya Singh,28,female,East,Kolkata,Furniture,Bed Frame,3,22715.24,0.26,47070.16,14935.41,83.56,UPI,4,FALSE,Delivered,8
ORD-01956,5/15/2022,CUST35857,Nisha Patel,48,Other,East,Kolkata,Beauty,Face Cream,2,722.06,0.2,2091.67,471.88,87.98,Net Banking,5,FALSE,Shipped,3
ORD-02205,8/19/2022,CUST91054,Shreya Chatterjee,14,Other,North,Ludhiana,Beauty,Face Cream,4,894.71,0.06,4573.8,2107.23,40.06,Debit Card,1,TRUE,Returned,3
ORD-01770,2/23/2022,CUST16064,Ananya Pillai,53,Other,West,Surat,Furniture,Bookshelf,2,26063.7,0.01,55430.07,15320.6,52.28,Cash on Delivery,,FALSE,Delivered,2
ORD-02414,11/9/2022,CUST28757,Meera Kapoor,43,Other,Central,Bhopal,Books,Textbook,6,1444.95,0.19,6041.34,2352.2,58.8,UPI,3,FALSE,Delivered,4
ORD-02034,6/15/2022,CUST52824,Sanjay Rao,45,Male,East,Bhubaneswar,Clothing,Kurta,3,3907.45,0.07,16325.84,7720.27,94.28,EMI,4,FALSE,Delivered,5
ORD-01886,4/12/2022,CUST07676,Pooja Sharma,39,Other,West,Pune,Sports,Dumbbells,3,3135.03,0.09,11451.49,2694.43,82.19,Debit Card,1,TRUE,Returned,3
ORD-02385,28-Oct-22,CUST01228,Nikhil Bose,27,Other,West,Mumbai,Groceries,Cooking Oil,5,69.84,0.3,256.11,21.93,48.03,Debit Card,1,FALSE,Delivered,5
ORD-01929,5/2/2022,CUST34607,Amit Das,15,Other,East,Guwahati,Furniture,Bed Frame,3,20759.26,0.28,64376.44,13716.94,81.77,Net Banking,3,FALSE,Delivered,10
ORD-01703,1/30/2022,CUST78614,Arjun Iyer,47,Female,West,Pune,Clothing,Dress,4,1960.32,0.03,7027.87,2732.62,65.85,Debit Card,2,FALSE,Delivered,1
ORD-02066,6/30/2022,CUST80371,Pooja Pillai,22,Male,West,Pune,Groceries,Cooking Oil,4,291.88,0.37,1107.62,79.28,60.21,EMI,2,TRUE,Returned,1
ORD-02396,11/2/2022,CUST15736,Deepa Kapoor,33,Other,East,Bhubaneswar,Furniture,Chair,3,4404.99,0.04,10146.47,2903.13,93.9,Debit Card,3,FALSE,Shipped,5
ORD-02221,8/27/2022,CUST03778,Sanjay Gupta,39,Male,South,Chennai,Clothing,Dress,2,2544.65,0.09,5282.35,1652.06,68.22,Debit Card,3,FALSE,Delivered,3
ORD-02182,8/13/2022,CUST10127,Sunita Pillai,39,Other,East,Guwahati,Electronics,Laptop,9,56874.87,0.3,478142.34,58158.93,63.71,Net Banking,4,TRUE,Returned,2
ORD-02494,12/18/2022,CUST57358,Sanjay Pillai,11,Male,Central,Bhopal,Electronics,Smartphone,5,75416.45,0.26,239407.24,34252.66,50.75,Credit Card,3,FALSE,Delivered,5
ORD-02167,8/8/2022,CUST40588,Nisha Reddy,12,Other,East,Guwahati,Sports,Cycle,1,14470.85,0.3,15068.8,2928.52,80.56,Cash on Delivery,1,FALSE,Delivered,10
ORD-02431,11/17/2022,CUST33602,Ananya Chatterjee,31,Male,West,Mumbai,Clothing,Dress,9,2890.57,0.09,22605.25,10028.13,70.61,EMI,1,FALSE,Shipped,9
ORD-02063,6/29/2022,CUST13406,Rahul Kumar,18,Male,South,Hyderabad,Groceries,Cooking Oil,4,122.82,0.04,681.47,47.66,66.72,Net Banking,5,FALSE,Delivered,10
ORD-02097,7/11/2022,CUST68451,Priya Nair,31,Female,West,Mumbai,Electronics,Tablet,8,38458.65,0.01,393796.17,61743.21,78.22,UPI,,TRUE,Returned,6
ORD-01644,1/2/2022,CUST20877,Vikram Gupta,36,Male,North,Delhi,Electronics,Camera,6,72040.03,0.01,368787.75,39292.14,53.76,Cash on Delivery,5,FALSE,Shipped,9
ORD-01681,1/20/2022,CUST96522,Karan Gupta,56,Other,West,Ahmedabad,Furniture,Sofa,2,27991.06,0.24,34746.07,12370.47,77.48,EMI,2,TRUE,Returned,6
ORD-02432,11/18/2022,CUST26395,Amit Kumar,33,Other,Central,Nagpur,Clothing,T-Shirt,4,2693.03,0.24,8454.01,2808.17,71.64,Debit Card,3,FALSE,Delivered,
ORD-01901,4/20/2022,CUST72800,Vikram Rao,46,Other,East,Kolkata,Books,Biography,2,231.44,0.36,417.99,155.21,103.55,EMI,3,FALSE,Cancelled,8
ORD-02423,11/14/2022,CUST98860,Nikhil Nair,16,Female,South,Kochi,Clothing,T-Shirt,6,3572.55,,17702.51,4881.96,72.4,Net Banking,2,FALSE,Delivered,7
ORD-02002,6/2/2022,CUST93495,Karan Mehta,24,Other,Central,Nagpur,Electronics,Smartphone,4,79903.31,0.19,381040.75,46291.37,49.66,Credit Card,2,FALSE,Delivered,9
ORD-01660,1/10/2022,CUST07883,Aditya Joshi,35,Female,Central,Nagpur,Sports,Yoga Mat,3,14314.59,0.28,24565.05,6700.1,49.08,Debit Card,2,TRUE,Returned,7
ORD-02120,7/22/2022,CUST74638,Rohan Verma,40,Male,East,Guwahati,Groceries,Flour,8,473.04,0.33,4049.28,301.36,76.1,Cash on Delivery,5,FALSE,delivered,9
ORD-01718,2/2/2022,CUST91928,Vikram Kapoor,39,MALE,West,Surat,Sports,Football,7,6522.84,0.09,37840.55,7201.91,45.29,EMI,3,TRUE,Returned,3
ORD-01803,8-Mar-22,CUST75917,Nikhil Iyer,48,Female,North,Amritsar,Groceries,Sugar,1,259.95,0.3,210.74,16.68,40.85,Net Banking,3,FALSE,Delivered,9
ORD-02440,11/24/2022,CUST91846,Karan Nair,48,Other,North,Amritsar,Sports,Tennis Racket,2,1682.52,0.04,3162.9,650.21,69.29,Debit Card,2,FALSE,Delivered,2
ORD-01819,3/15/2022,CUST63222,Priya Reddy,39,female,East,Bhubaneswar,Furniture,Desk,3,5315.14,0.2,17403.33,5876.17,97.08,Credit Card,5,FALSE,Delivered,6
ORD-02106,7/16/2022,CUST15065,Amit Verma,36,Female,Central,Nagpur,Sports,Cricket Bat,6,7187.46,0.27,45280.94,7760.51,48.71,EMI,3,FALSE,Delivered,5
ORD-01928,5/2/2022,CUST06307,Ananya Reddy,56,MALE,South,Bangalore,Sports,Cycle,1,9069.14,0.29,8752.76,1861.72,32.62,Debit Card,4,FALSE,pending,5
ORD-01971,5/21/2022,CUST35736,Pooja Verma,28,Other,Central,Nagpur,Furniture,Chair,10,28073.85,0.05,383279,108417.14,54.05,EMI,1,FALSE,Delivered,8
ORD-01883,4/10/2022,CUST03672,Amit Shah,24,Male,West,Pune,Furniture,Bookshelf,9,11907.81,0.18,119048.66,42582.04,73.86,Cash on Delivery,5,FALSE,Delivered,10
ORD-01676,1/18/2022,CUST65261,Shreya Chatterjee,30,Other,Central,Indore,Furniture,Sofa,3,30465.56,0.24,48391.98,16835.51,57.1,Cash on Delivery,5,FALSE,Delivered,3
ORD-01924,4/30/2022,CUST39294,Amit Reddy,30,Female,South,Chennai,Groceries,Sugar,1,306.96,0.37,278.33,24.24,44.4,UPI,1,FALSE,Delivered,3
ORD-01800,3/8/2022,CUST93477,Sunita Joshi,29,Female,South,Kochi,Books,Self-Help Book,1,1151.01,0.17,1165.98,528.79,79.86,Net Banking,5,FALSE,Delivered,1
ORD-02067,7/1/2022,CUST70593,Shreya Nair,34,Male,West,Surat,Electronics,Smartwatch,5,38796.6,0.21,209644.29,25458.48,62.35,UPI,4,FALSE,Cancelled,8
ORD-02335,10/9/2022,CUST67913,Priya Shah,27,Female,West,Pune,Electronics,Laptop,3,79758.61,0.33,167128.86,19212.28,56.24,Debit Card,1,FALSE,Cancelled,2
ORD-01675,1/18/2022,CUST33813,Nikhil Reddy,36,Other,West,Pune,Beauty,Perfume,5,1392.93,0.4,3575.81,1461.67,71.76,Net Banking,3,FALSE,Delivered,10
ORD-02430,11/17/2022,CUST93527,Deepa Verma,28,Other,South,Bangalore,Beauty,Sunscreen,9,113.69,0.22,699.53,335.72,40.1,UPI,5,TRUE,Returned,7
ORD-02226,8/29/2022,CUST46124,Rahul Mehta,26,Male,North,Amritsar,Books,Cook Book,9,830.37,0.25,6671.85,3182.54,37.06,Cash on Delivery,2,FALSE,Delivered,2
ORD-02334,10/9/2022,CUST20367,Karan Gupta,21,Other,South,Kochi,Sports,Cricket Bat,5,13397.51,0.34,43451.18,7788.1,73.66,Net Banking,4,FALSE,Delivered,5
ORD-02346,10/11/2022,CUST57309,Meera Bose,14,FEMALE,North,Amritsar,Electronics,Camera,4,15142.49,0.12,54212.43,5733.17,98.24,EMI,2,FALSE,Pending,6
ORD-01804,3/10/2022,CUST98137,Amit Mishra,21,Female,North,Delhi,Books,Self-Help Book,1,268.61,0.02,281.46,81.29,49.64,EMI,5,FALSE,Delivered,1
ORD-01662,1/12/2022,CUST29153,Deepa Iyer,26,Other,Central,Raipur,Beauty,Face Cream,6,779.63,0.18,3057.53,1544.23,28.85,EMI,2,TRUE,Returned,9
ORD-02418,11/10/2022,CUST18934,Sunita Kumar,14,Male,West,Pune,Sports,Football,2,1772.04,0.27,2303.4,352.8,47.87,Cash on Delivery,2,FALSE,Delivered,8
ORD-02038,6/17/2022,CUST04354,Meera Verma,50,Other,East,Bhubaneswar,Beauty,Face Cream,2,884.91,0.29,2004.25,1116.42,82.19,Credit Card,2,FALSE,Shipped,3
ORD-01797,3/7/2022,CUST91049,Arjun Bhat,30,Female,Central,Nagpur,Electronics,Smartphone,7,56508.01,0.17,346370.5,51195.31,55.94,EMI,1,FALSE,Cancelled,5
ORD-02090,7/9/2022,CUST03478,Sunita Mishra,33,Female,Central,Nagpur,Books,Comic Book,-1,1491.38,0.11,2043.42,838.22,72.14,UPI,5,FALSE,Delivered,3
ORD-01805,3/10/2022,CUST13304,Sanjay Nair,44,Other,South,Hyderabad,Sports,Cycle,3,10264.85,0.09,30609.29,8490.63,39.51,Net Banking,5,FALSE,Delivered,8
ORD-01964,5/17/2022,CUST41576,Vikram Das,38,Female,West,Pune,Books,Biography,10,550.81,0.07,6670.17,3295.18,67.61,Cash on Delivery,4,FALSE,Delivered,4
ORD-02333,10/9/2022,CUST56340,Pooja Mehta,26,Male,North,Amritsar,Books,Fiction Novel,2,1065.57,,2076.05,1101.49,25.68,EMI,4,FALSE,Delivered,6
ORD-01977,5/23/2022,CUST02433,Arjun Gupta,27,Other,North,Ludhiana,Furniture,Wardrobe,2,14453.77,0.22,32603.05,8034.59,53.68,UPI,5,FALSE,Delivered,9
ORD-01698,1/28/2022,CUST81725,Nikhil Singh,29,Other,East,Bhubaneswar,Furniture,Sofa,4,30087.03,0.2,73826.31,20501.91,80.38,Debit Card,1,FALSE,Delivered,7
ORD-02155,8/4/2022,CUST14965,Rohan Pillai,36,Female,South,Chennai,Sports,Tennis Racket,5,10085.52,0.04,65977.61,14440.37,73.11,UPI,2,TRUE,Returned,5
ORD-01951,5/11/2022,CUST38752,Pooja Sharma,52,Female,South,Bangalore,Clothing,Jeans,5,3102.98,0.11,20951.58,8948.88,34.13,UPI,5,FALSE,Delivered,8
ORD-02299,9/24/2022,CUST52655,Ritu Verma,30,Female,South,Bangalore,Groceries,Rice (5kg),3,236.04,0.01,832.73,49.56,57.97,Credit Card,3,TRUE,Returned,8
ORD-02203,8/18/2022,CUST79474,Ananya Rao,58,Female,South,Bangalore,Beauty,Lipstick,5,2364.24,0.37,9797.68,5022.54,82.56,Net Banking,,FALSE,Delivered,4
ORD-02020,6/10/2022,CUST31285,Ananya Patel,33,Other,West,Pune,Groceries,Flour,8,267.91,0.03,2920.99,292.84,61.35,Cash on Delivery,2,FALSE,Delivered,1
ORD-01831,3/24/2022,CUST23447,Arjun Sharma,17,Male,Central,Nagpur,Clothing,Kurta,4,2766.72,0.34,8239.18,3180.32,51.11,Net Banking,5,FALSE,Delivered,7
ORD-01674,1/17/2022,CUST09628,Sunita Mehta,38,Female,South,Hyderabad,Furniture,Bed Frame,9,18712.5,0.28,98718.08,31705.16,69.33,Cash on Delivery,4,FALSE,Delivered,7
ORD-02505,12/23/2022,CUST69354,Kavya Nair,38,Female,Central,Indore,Groceries,Dal (1kg),10,358.19,0.01,2982.6,268.81,72.77,EMI,2,FALSE,Cancelled,1
ORD-02262,9/11/2022,CUST07130,Shreya Iyer,20,Other,Central,Nagpur,Books,Fiction Novel,2,281.44,0.05,537.73,145.84,75.48,Cash on Delivery,2,FALSE,Delivered,
ORD-01793,3/5/2022,CUST72099,Aarav Das,44,Female,West,Mumbai,Furniture,Wardrobe,10,30639.28,0.33,251539.23,67740.72,51.84,UPI,1,FALSE,Delivered,4
ORD-01741,2/12/2022,CUST77934,Rahul Singh,42,Other,North,Amritsar,Sports,Tennis Racket,8,3604.43,0.14,22742.31,5019.11,45.29,Cash on Delivery,3,FALSE,Delivered,1
ORD-02250,9/8/2022,CUST89025,Priya Kumar,46,Female,West,Mumbai,Clothing,Saree,2,3788.19,,8490.21,2213.1,65.7,Net Banking,,FALSE,Pending,8
ORD-02364,10/18/2022,CUST13899,Rohan Mishra,40,Male,South,Hyderabad,Groceries,Cooking Oil,1,480.83,0.03,413.43,28.39,66.81,EMI,2,TRUE,Returned,10
ORD-02496,12/19/2022,CUST46384,Pooja Pillai,27,Male,North,Chandigarh,Electronics,Tablet,9,35439.71,0.1,264067.45,27911.46,45.64,Net Banking,5,FALSE,Shipped,6
ORD-01843,3/26/2022,CUST28515,Nikhil Singh,29,MALE,East,Guwahati,Furniture,Bed Frame,2,7344.48,0.18,14733.39,4347.31,74.59,Cash on Delivery,5,FALSE,Delivered,4
ORD-02042,6/18/2022,CUST37864,Sanjay Kapoor,49,Other,South,Hyderabad,Sports,Cycle,1,3118.43,0.23,3847.49,1157.76,70.54,Credit Card,4,FALSE,Delivered,3
ORD-01921,4/29/2022,CUST32688,Ananya Mehta,16,Male,East,Kolkata,Books,Textbook,7,331.77,0.38,1662.51,587.87,93.29,Credit Card,3,FALSE,Delivered,2
ORD-02324,6-Oct-22,CUST50408,Priya Nair,44,Female,North,Chandigarh,Electronics,Headphones,10,66222.83,0.39,364937.13,37488.21,35.08,Credit Card,3,FALSE,Delivered,9
ORD-01839,3/26/2022,CUST27694,Arjun Shah,21,Male,South,Kochi,Clothing,Jeans,3,3430.47,,11607.03,4466.86,69.55,EMI,2,FALSE,Delivered,1
ORD-01917,4/28/2022,CUST61040,Aditya Sharma,21,Male,West,Ahmedabad,Groceries,Flour,9,150.66,0.3,1376.18,82.84,30.25,EMI,5,FALSE,Delivered,4
ORD-01756,2/17/2022,CUST12665,Pooja Sharma,35,Other,Central,Raipur,Furniture,Bed Frame,1,28755.19,0.03,24177.47,5824.34,35.93,EMI,4,FALSE,Delivered,4
ORD-01959,5/16/2022,CUST38124,Amit Sharma,48,Female,South,Hyderabad,Beauty,Shampoo,1,2120.93,0.22,2475.08,882.31,64.27,Debit Card,5,FALSE,Delivered,5
ORD-02128,7/24/2022,CUST18334,Sanjay Kumar,3,Male,North,Chandigarh,Groceries,Cooking Oil,7,371.4,0.26,2827.1,304.02,51.93,Net Banking,1,TRUE,Returned,6
ORD-02283,9/19/2022,CUST06888,Ananya Chatterjee,44,Male,South,Kochi,Clothing,Dress,8,598.22,0.37,3507.68,1290.64,67.18,UPI,5,FALSE,Delivered,7
ORD-01955,5/14/2022,CUST76793,Arjun Iyer,28,Male,Central,Bhopal,Electronics,Smartwatch,4,17943.13,0.05,95732.21,10497.7,76.28,Debit Card,5,FALSE,Delivered,
ORD-01779,2/28/2022,CUST52985,Karan Mehta,12,FEMALE,East,Patna,Furniture,Desk,6,9814.26,0.23,39342.72,8877.95,54.67,UPI,1,TRUE,Returned,8
ORD-02180,8/13/2022,CUST97256,Sanjay Sharma,50,Male,North,Ludhiana,Electronics,Laptop,6,6117.71,0.16,40557.08,4428.08,28.16,Debit Card,3,FALSE,Shipped,4
ORD-02273,9/15/2022,CUST71816,Nisha Verma,36,Female,Central,Nagpur,Books,Textbook,9,1131.92,0.12,10966.62,3680.22,39.84,EMI,3,FALSE,Delivered,7
ORD-01865,4/2/2022,CUST36542,Sanjay Bhat,44,Female,North,Chandigarh,Electronics,Laptop,6,8309.27,0.28,51030.14,6755.64,53.74,Debit Card,5,FALSE,Delivered,8
ORD-02272,9/14/2022,CUST73221,Deepa Patel,28,Male,North,Chandigarh,Beauty,Sunscreen,10,537.83,0.23,4825.68,2340.29,51.8,Net Banking,5,FALSE,Delivered,10
ORD-01909,24-Apr-22,CUST04537,Meera Sharma,37,Other,North,Amritsar,Books,Cook Book,10,549.69,0.15,6379.06,2818.11,41.87,EMI,2,TRUE,Returned,5
ORD-02424,11/14/2022,CUST76878,Deepa Chatterjee,25,Other,South,Kochi,Clothing,Dress,7,1668.16,0.14,9181.91,2178.68,85.58,UPI,,FALSE,Delivered,7
ORD-02460,12/3/2022,CUST99353,Kavya Patel,53,Other,South,Kochi,Furniture,Sofa,8,18080.06,0.05,115257.52,35354.74,73.79,Credit Card,4,FALSE,Pending,8
ORD-01900,4/19/2022,CUST41577,Aditya Pillai,44,Other,West,Ahmedabad,Electronics,Tablet,4,77381.07,0.18,364698.74,37606.07,56.99,Net Banking,4,FALSE,Delivered,
ORD-02311,10/1/2022,CUST01001,Karan Sharma,44,Male,North,Amritsar,Furniture,Bed Frame,3,27210.05,0.19,62722.39,17708.26,59.37,Net Banking,2,FALSE,Delivered,3
ORD-02178,8/12/2022,CUST85408,Nisha Chatterjee,64,Female,South,Bangalore,Books,Biography,5,923.72,0.19,4931.75,2749.25,63.68,Net Banking,2,TRUE,Returned,1
ORD-01815,3/15/2022,CUST92618,Amit Pillai,44,Other,North,Chandigarh,Clothing,Saree,2,348.61,0.37,468.08,156.44,76.85,EMI,3,FALSE,Delivered,6
ORD-02457,12/1/2022,CUST32217,Rohan Reddy,24,Female,East,Patna,Sports,Yoga Mat,3,8281.49,0.28,14650.55,4700.02,73.15,UPI,3,FALSE,Delivered,2
ORD-01856,3/31/2022,CUST17816,Nisha Das,22,Other,East,Guwahati,Electronics,Laptop,9,51210.29,0.26,431521.81,47793.41,80.02,EMI,3,FALSE,Delivered,7
ORD-01745,2/14/2022,CUST00928,Arjun Shah,64,Other,Central,Bhopal,Furniture,Desk,9,20253.5,0.07,175221.15,57254.45,53.7,UPI,,FALSE,Delivered,2
ORD-02159,8/4/2022,CUST82127,Vikram Joshi,20,Female,West,Surat,Beauty,Shampoo,6,2223.4,0.39,10336.77,4822.67,54.1,UPI,1,FALSE,Delivered,1
ORD-02125,7/24/2022,CUST56134,Pooja Nair,33,Other,Central,Bhopal,Groceries,Dal (1kg),4,63.82,0.37,257.56,22.21,49.45,UPI,4,TRUE,Returned,10
ORD-02119,7/22/2022,CUST07014,Rohan Iyer,21,Other,Central,Raipur,Sports,Cycle,5,11099.1,0.05,82679.97,21389.61,42.92,EMI,2,FALSE,Delivered,7
ORD-02350,10/13/2022,CUST49485,Sanjay Verma,47,Other,West,Surat,Groceries,Flour,2,463.54,0.14,751.49,62.99,75.64,Net Banking,5,FALSE,Delivered,2
ORD-01716,2/2/2022,CUST37025,Nikhil Joshi,36,Other,North,Ludhiana,Sports,Cricket Bat,3,1355.28,0.1,3611.47,631.16,55.05,Debit Card,3,FALSE,Delivered,3
ORD-02213,8/24/2022,CUST26490,Arjun Bhat,28,Female,East,Guwahati,Electronics,Headphones,1,51058.89,0.38,41545.59,5436.55,71.72,Net Banking,2,TRUE,Returned,5
ORD-01795,3/6/2022,CUST84855,Vikram Reddy,37,Female,North,Chandigarh,Beauty,Shampoo,1,2287.88,0.13,2605.92,984.29,61,Cash on Delivery,,FALSE,Delivered,10
ORD-02149,8/1/2022,CUST84198,Priya Pillai,15,Female,South,Hyderabad,Sports,Football,3,7029.88,0,30080.08,7677.44,83.89,EMI,2,FALSE,Shipped,10
ORD-01720,2/5/2022,CUST86385,Priya Pillai,25,Other,Central,Raipur,Sports,Dumbbells,5,5502.6,0.01,28294.84,8865.25,65.01,Cash on Delivery,4,FALSE,Delivered,4
ORD-01918,4/28/2022,CUST04256,Ananya Bhat,35,Male,South,Bangalore,Electronics,Smartphone,6,39743.58,0.06,290848.39,32188.69,78.1,UPI,5,FALSE,Delivered,45
ORD-01679,1/19/2022,CUST27192,Karan Pillai,36,Female,South,Hyderabad,Books,Textbook,7,903.3,0.22,4147.54,1984.59,55.08,UPI,2,FALSE,Delivered,3
ORD-01786,3/3/2022,CUST84190,Rohan Kapoor,26,Male,East,Bhubaneswar,Beauty,Shampoo,5,2389.78,0.27,9862.27,4445.3,88.28,Credit Card,1,FALSE,Delivered,6
ORD-01833,3/24/2022,CUST97409,Shreya Patel,27,Female,South,Hyderabad,Books,Biography,5,845.02,0.38,3063.76,1423.14,65.17,EMI,3,FALSE,Delivered,7
ORD-02179,8/13/2022,CUST70183,Rahul Sharma,,Male,South,Chennai,Clothing,Jeans,7,838.11,0.21,6198.3,2068.64,74.48,EMI,4,FALSE,Delivered,4
ORD-02086,7/8/2022,CUST76981,Vikram Sharma,32,Male,West,Ahmedabad,Furniture,Wardrobe,4,34455.3,0.15,170405.41,53474.69,73.85,Cash on Delivery,1,FALSE,Delivered,8
ORD-01994,5/30/2022,CUST77542,Kavya Kumar,29,Female,North,Delhi,Beauty,Shampoo,1,737.47,0.08,972.44,502.12,86.32,Net Banking,,FALSE,Delivered,10
ORD-02177,8/12/2022,CUST13161,Sanjay Pillai,26,Male,Central,Nagpur,Sports,Tennis Racket,3,13900.23,0.06,55053.72,12908.85,55.5,Credit Card,5,FALSE,Delivered,3
ORD-01727,2/8/2022,CUST59056,Sanjay Chatterjee,48,Other,West,Pune,Groceries,Dal (1kg),9,220.51,,1973.84,156.87,75.94,Debit Card,1,TRUE,Returned,2
ORD-01816,3/15/2022,CUST09358,Pooja Verma,47,Female,East,Kolkata,Clothing,Dress,,2706.32,0.18,2470.18,804.13,91.14,Credit Card,,FALSE,Shipped,7
ORD-02219,8/26/2022,CUST79612,Meera Bose,55,Other,South,Kochi,Clothing,Dress,3,2275.89,0.37,5784.15,2003.88,91.14,Credit Card,2,FALSE,Pending,8
ORD-01691,1/24/2022,CUST25926,Sunita Joshi,47,Other,Central,Indore,Clothing,Jeans,9,2676.81,0.06,20021.18,6907.31,80.49,Debit Card,1,FALSE,Delivered,7
ORD-02008,6/4/2022,CUST38535,Ritu Chatterjee,24,Female,North,Ludhiana,Books,Comic Book,5,1362.67,0.35,6858.54,3271.94,53.41,Net Banking,2,FALSE,Delivered,7
ORD-02242,9/4/2022,CUST95868,Arjun Sharma,31,Female,South,Chennai,Furniture,Wardrobe,8,4977.01,0.28,33795.38,9634.2,84.09,UPI,4,FALSE,Delivered,8
ORD-02080,7/6/2022,CUST66538,Rahul Pillai,50,Other,South,Bangalore,Furniture,Desk,5,33788.21,0.14,211505.45,61443.22,95.75,Cash on Delivery,3,TRUE,Returned,7
ORD-02170,8/9/2022,CUST83068,Kavya Shah,42,Other,Central,Nagpur,Books,Self-Help Book,3,969.7,0.1,3355.24,1386.74,44.19,Credit Card,1,FALSE,Delivered,4
ORD-01884,4/11/2022,CUST42306,Shreya Sharma,62,Female,West,Pune,Beauty,Perfume,7,519.13,0.35,3102.68,1514.19,82.54,Cash on Delivery,1,TRUE,Returned,9
ORD-01827,3/19/2022,CUST19509,Kavya Nair,13,Other,Central,Raipur,Beauty,Lipstick,1,2486.96,0.3,1982.36,610.56,67.35,Credit Card,2,FALSE,Delivered,10
ORD-01796,3/6/2022,CUST63701,Ritu Pillai,42,Male,South,Kochi,Sports,Dumbbells,3,14886.59,0.38,34438.41,6332.53,89.5,EMI,3,FALSE,Delivered,
ORD-01799,3/7/2022,CUST98513,Priya Reddy,40,Other,East,Guwahati,Electronics,Smartphone,6,34836.46,0.18,214950.87,36793.67,90.28,EMI,4,FALSE,Delivered,
ORD-02129,7/24/2022,CUST19983,Amit Chatterjee,35,Other,South,Hyderabad,Books,Biography,4,278.07,0.38,1035.4,495.92,99.54,Cash on Delivery,2,FALSE,Delivered,2
ORD-01707,1/31/2022,CUST39127,Aditya Kumar,38,M,South,Bangalore,Beauty,Sunscreen,3,2463.48,0.09,5478.55,2170.17,88.35,Cash on Delivery,1,TRUE,Returned,3
ORD-02492,12/17/2022,CUST41637,Nisha Mishra,20,Other,East,Bhubaneswar,Furniture,Chair,10,22462.93,0.21,157408.35,23243.23,133.35,UPI,5,FALSE,Delivered,4
ORD-02107,7/17/2022,CUST39752,Priya Pillai,41,male,West,Pune,Furniture,Wardrobe,7,7570.52,0.33,50975.7,14523.56,71.96,Debit Card,3,FALSE,Delivered,1
ORD-02043,6/18/2022,CUST44040,Rahul Bose,31,Female,East,Bhubaneswar,Beauty,Hair Oil,4,1974.29,0.37,8398,3117.66,87.34,Credit Card,1,TRUE,Returned,9
ORD-02053,6/23/2022,CUST33570,Deepa Bose,41,Male,South,Chennai,Furniture,Sofa,10,21783.3,0.09,276349.79,53595.22,73.39,Cash on Delivery,4,TRUE,Returned,2
ORD-02498,12/19/2022,CUST64162,Arjun Rao,9,Other,South,Hyderabad,Groceries,Sugar,4,479.32,0.06,1760.95,83.73,74.49,Credit Card,4,TRUE,Returned,3
ORD-02027,6/13/2022,CUST24879,Kavya Chatterjee,50,Female,South,Chennai,Furniture,Chair,3,16614.08,0.33,50453.16,12964.62,63.05,Credit Card,2,TRUE,Returned,5
ORD-02412,11/8/2022,CUST49639,Arjun Nair,,Other,South,Chennai,Groceries,Dal (1kg),4,407.56,0.32,990.4,81,76.78,UPI,2,FALSE,Delivered,1
ORD-02054,6/24/2022,CUST61332,Karan Iyer,51,Other,South,Bangalore,Groceries,Sugar,10,53.46,0.05,815.23,88.15,67.32,Debit Card,1,FALSE,Cancelled,9
ORD-02085,7/7/2022,CUST42353,Vikram Shah,53,Male,East,Guwahati,Electronics,Laptop,6,10929.88,0.16,85653.85,12561.33,76.61,EMI,1,FALSE,Delivered,1
ORD-02145,7/31/2022,CUST18861,Nikhil Kapoor,28,Female,West,Surat,Books,Textbook,5,539.41,0.11,3571.01,1290.67,66.22,Net Banking,3,FALSE,Delivered,10
ORD-02402,11/5/2022,CUST72572,Aarav Joshi,19,Male,South,Kochi,Books,Self-Help Book,2,483.7,0.17,699.82,225.52,101.82,Net Banking,2,FALSE,Delivered,1
ORD-01932,5/3/2022,CUST81283,Kavya Joshi,54,Female,Central,Nagpur,Furniture,Desk,8,31153.02,0.2,268467.06,50396.19,31.05,EMI,1,FALSE,Delivered,7
ORD-01976,5/23/2022,CUST97057,Sanjay Mishra,19,Male,South,Hyderabad,Books,Biography,2,925.2,0.09,2492.19,582.47,86.46,Debit Card,5,FALSE,Cancelled,10
ORD-01923,4/30/2022,CUST85826,Kavya Mishra,51,Male,West,Surat,Groceries,Cooking Oil,1,478.65,0.01,646.28,61.75,46.06,EMI,3,FALSE,Cancelled,1
ORD-02343,11/10/2022,CUST93661,Ananya Pillai,19,Female,North,Delhi,Furniture,Desk,10,12399.19,0.23,113748.97,36698.33,41.96,EMI,1,TRUE,Returned,5
ORD-02248,9/7/2022,CUST63445,Sunita Patel,47,Male,West,Surat,Sports,Dumbbells,2,14129.5,0.01,34498.58,6979.34,74.75,Debit Card,3,FALSE,Delivered,2
ORD-02003,6/2/2022,CUST91911,Sunita Mishra,24,Other,Central,Raipur,Electronics,Smartwatch,7,72204.48,0.06,746567.96,96807.83,51.76,Net Banking,4,FALSE,Delivered,3
ORD-01882,4/10/2022,CUST32524,Priya Joshi,56,Male,Central,Bhopal,Furniture,Sofa,10,34008.99,0.11,426011.42,100494.87,51.53,Cash on Delivery,1,FALSE,Cancelled,3
ORD-01838,3/25/2022,CUST27510,Kavya Joshi,16,Female,West,Mumbai,Groceries,Cooking Oil,4,393.16,0.06,1961.61,197.05,79.1,UPI,5,FALSE,Delivered,4
ORD-02452,11/29/2022,CUST45573,Ananya Mishra,,Other,East,Guwahati,Beauty,Sunscreen,5,761.94,0.13,3027.97,1421.12,84.9,Debit Card,5,FALSE,Pending,2
ORD-01878,7-Apr-22,CUST99942,Nisha Rao,30,Other,Central,Indore,Clothing,Saree,10,456.07,0.37,3899.94,1169.33,45,Cash on Delivery,5,FALSE,Delivered,9
ORD-01642,1/1/2022,CUST25067,Nisha Kapoor,41,Male,West,Ahmedabad,Furniture,Sofa,8,9398.82,0.31,49236.11,15030.83,77.65,Credit Card,4,FALSE,Delivered,9
ORD-02133,7/25/2022,CUST89826,Arjun Joshi,22,Other,East,Kolkata,Clothing,T-Shirt,7,1729.47,0.05,17045.1,6459.75,79.27,Cash on Delivery,1,TRUE,Returned,8
ORD-02389,10/30/2022,CUST27494,Vikram Das,53,Female,East,Patna,Clothing,Kurta,8,1016.23,0.3,5817.06,2314.76,66.7,EMI,2,FALSE,Delivered,8
ORD-02146,7/31/2022,CUST25921,Amit Pillai,37,Male,East,Guwahati,Groceries,Rice (5kg),5,421.63,0.36,1981.36,174.59,64.86,UPI,5,FALSE,Delivered,1
ORD-02045,6/18/2022,CUST85893,Meera Pillai,25,F,South,Bangalore,Groceries,Flour,7,70.02,0.29,494.91,44.9,75.32,UPI,2,FALSE,Pending,5
ORD-01970,5/21/2022,CUST49802,Arjun Mishra,28,m,North,Delhi,Furniture,Desk,9,25541.61,0.2,282283.64,106013.67,68.96,Cash on Delivery,3,FALSE,Delivered,4
ORD-01715,2/2/2022,CUST08565,Kavya Das,48,Male,Central,Raipur,Books,Fiction Novel,2,1014.61,0.03,1625.5,685.16,49.94,UPI,5,FALSE,Delivered,7
ORD-01708,2/1/2022,CUST87498,Amit Sharma,39,Male,Central,Nagpur,Books,Self-Help Book,1,1394.93,0.2,1128.26,431.19,99.26,Credit Card,4,FALSE,Delivered,6
ORD-01758,2/18/2022,CUST87654,Pooja Verma,24,Female,West,Surat,Books,Fiction Novel,5,433.78,0.16,1626.67,566.47,70.39,Cash on Delivery,5,FALSE,Delivered,9
ORD-02348,10/12/2022,CUST12889,Rohan Mehta,27,Female,North,Ludhiana,Sports,Yoga Mat,9,13142.88,0.37,69394.08,16164.46,32.88,UPI,5,TRUE,Returned,1
ORD-02001,6/2/2022,CUST78982,Deepa Reddy,27,Other,Central,Nagpur,Sports,Cricket Bat,2,1793.14,0.22,4474.84,1103.43,40.65,Cash on Delivery,2,TRUE,Returned,9
ORD-01944,5/8/2022,CUST18548,Rahul Bose,31,male,East,Guwahati,Beauty,Sunscreen,4,1176.04,0.18,6347.47,2342.58,88.08,Net Banking,4,FALSE,Delivered,6
ORD-01967,5/20/2022,CUST03799,Rohan Bose,38,FEMALE,North,Chandigarh,Books,Comic Book,5,951.75,0.02,5936.18,2402.75,54.03,EMI,3,FALSE,Delivered,6
ORD-02466,12/5/2022,CUST23445,Pooja Chatterjee,26,MALE,Central,Indore,Clothing,Kurta,8,2620.02,0.36,9964.39,3441.54,41.75,Credit Card,,TRUE,Returned,1
ORD-02380,10/27/2022,CUST77872,Vikram Chatterjee,12,Female,East,Kolkata,Groceries,Tea,6,473.26,0.33,1858.4,169.63,83.38,Cash on Delivery,1,FALSE,Delivered,1
ORD-01754,2/17/2022,CUST11385,Nisha Rao,46,Female,East,Guwahati,Furniture,Desk,6,33082.65,0.31,130650.07,42902.13,79.09,Net Banking,4,FALSE,Delivered,8
ORD-02514,12/28/2022,CUST29286,Vikram Mehta,29,Male,Central,Nagpur,Beauty,Hair Oil,3,923.8,0.21,1516.74,651.79,46.67,Debit Card,5,FALSE,Delivered,2
ORD-02211,8/23/2022,CUST05906,Shreya Shah,24,Male,Central,Indore,Books,Self-Help Book,6,1482.8,0.37,7222.87,1783.07,73.5,Credit Card,2,FALSE,Delivered,7
ORD-02194,15-Aug-22,CUST84436,Amit Chatterjee,10,Other,North,Delhi,Beauty,Face Cream,1,1986.59,0.05,2507.45,1149.66,66.3,UPI,2,TRUE,Returned,
ORD-02479,12-Dec-22,CUST81623,Karan Rao,7,Male,North,Delhi,Sports,Football,6,14056.09,0.09,61982.41,14331.53,49.31,UPI,1,FALSE,Delivered,7
ORD-01854,3/31/2022,CUST02552,Rahul Bhat,61,Other,Central,Bhopal,Clothing,Kurta,6,2927.23,0.17,15014.03,6682.89,76.05,Credit Card,1,TRUE,Returned,2
ORD-01650,1/5/2022,CUST51192,Deepa Mishra,28,Female,West,Surat,Beauty,Face Cream,5,305.51,0.04,1323.32,396.56,77.17,UPI,1,FALSE,Delivered,4
ORD-02374,10/23/2022,CUST40049,Aarav Chatterjee,50,Female,North,Amritsar,Furniture,Bed Frame,8,22347.78,0.29,121514.57,47789.83,10.59,Debit Card,1,FALSE,Delivered,4
ORD-02017,6/9/2022,CUST95440,Rohan Iyer,32,Other,North,Chandigarh,Beauty,Shampoo,8,1772.53,0.28,15579.91,4615.51,68.18,EMI,1,TRUE,Returned,3
ORD-02151,8/1/2022,CUST65336,Amit Kapoor,48,Female,Central,Bhopal,Books,Cook Book,4,1045.84,0.39,3553.63,1247.53,43.68,Debit Card,5,FALSE,Shipped,
ORD-01948,5/10/2022,CUST73300,Nikhil Singh,22,Female,West,Surat,Furniture,Wardrobe,4,18771.18,0.12,90435.12,21095.21,68.93,Net Banking,5,FALSE,Delivered,1
ORD-01969,5/20/2022,CUST23162,Nikhil Patel,17,Other,West,Surat,Electronics,Tablet,10,8235.1,,102107.36,11235.34,33.15,Debit Card,5,FALSE,Delivered,4
ORD-01664,13-Jan-22,CUST78261,Meera Rao,37,Female,West,Ahmedabad,Furniture,Desk,10,17068.89,0.16,124615.43,41346.8,81.76,Cash on Delivery,5,FALSE,Shipped,
ORD-01668,1/13/2022,CUST70127,Karan Nair,42,Female,West,Ahmedabad,Books,Self-Help Book,2,1184.85,0,1851.96,844.3,79.06,Net Banking,,FALSE,Delivered,5
ORD-01695,1/27/2022,CUST18018,Vikram Gupta,19,Female,South,Kochi,Electronics,Smartwatch,6,20306.85,0.36,67574.41,6252.6,80.91,Cash on Delivery,5,FALSE,Delivered,6
ORD-02109,7/17/2022,CUST39644,Rohan Bose,42,Male,East,Guwahati,Clothing,T-Shirt,7,2784.47,0.09,25867.22,7897.77,98.75,Credit Card,3,TRUE,Returned,8
ORD-02523,12/31/2022,CUST28943,Nisha Sharma,26,Female,West,Pune,Books,Fiction Novel,6,1055.08,0.36,2966.43,1190.94,62.47,Debit Card,3,FALSE,Delivered,4
ORD-02084,7/7/2022,CUST67930,Ritu Das,42,Male,West,Surat,Furniture,Bed Frame,6,4221.96,0.25,27887.17,11561.41,56.54,Net Banking,2,FALSE,Delivered,5
ORD-02407,11/6/2022,CUST82035,Deepa Bhat,66,Male,West,Surat,Electronics,Tablet,4,23321.4,0.36,50337.85,8865.89,72.32,Debit Card,1,TRUE,Returned,7
ORD-01717,2/2/2022,CUST55628,Priya Singh,35,Other,North,Amritsar,Books,Fiction Novel,0,1351.01,0.14,1116.21,341.54,36.21,UPI,1,TRUE,Returned,2
ORD-02078,7/5/2022,CUST50258,Pooja Joshi,32,Other,North,Amritsar,Books,Comic Book,4,407.5,0.21,1683.33,655.53,64,Net Banking,2,FALSE,Delivered,8
ORD-02062,6/28/2022,CUST44853,Arjun Shah,27,Female,Central,Raipur,Groceries,Rice (5kg),1,197.09,0.32,204.25,20.87,46.31,Debit Card,1,FALSE,Shipped,5
ORD-02264,9/11/2022,CUST27188,Aditya Das,,Male,North,Chandigarh,Furniture,Bookshelf,2,11078.6,0.06,26632.36,7028.83,45.78,UPI,2,FALSE,Delivered,10
ORD-02158,8/4/2022,CUST11487,Sanjay Singh,39,Male,South,Hyderabad,Groceries,Tea,2,287.46,0.12,696.47,45.33,63.51,UPI,2,FALSE,Cancelled,4
ORD-01946,5/9/2022,CUST58038,Arjun Joshi,43,Other,West,Pune,Groceries,Rice (5kg),10,378.93,0.36,3399.01,209.1,60.05,Credit Card,1,FALSE,Delivered,1
ORD-02279,9/16/2022,CUST11155,Ananya Verma,52,Female,West,Mumbai,Electronics,Laptop,6,13712.65,0.21,88050.54,10911.94,44.8,Debit Card,2,FALSE,Delivered,5
ORD-02464,12/5/2022,CUST86293,Rahul Kapoor,28,Male,South,Kochi,Furniture,Bed Frame,1,21880.63,0.13,15482.78,4167.88,65.81,Debit Card,5,FALSE,Delivered,7
ORD-01648,1/5/2022,CUST42883,Vikram Joshi,32,MALE,North,Amritsar,Clothing,Saree,7,3381.19,0.39,11933.01,3903.15,52.43,EMI,3,TRUE,Returned,4
ORD-01780,3/1/2022,CUST67461,Aditya Kapoor,16,MALE,North,Chandigarh,Sports,Dumbbells,2,13902.39,0.37,20309.9,5540.98,37.83,Net Banking,3,FALSE,delivered,7
ORD-02012,6/6/2022,CUST50838,Sunita Sharma,35,Male,North,Amritsar,Beauty,Hair Oil,3,151.66,0.28,490.46,194.08,50.29,UPI,3,FALSE,Delivered,1
ORD-02245,9/7/2022,CUST73701,Deepa Patel,,Other,South,Kochi,Electronics,Laptop,4,45635.8,0.04,195002.92,30972.52,69.48,Net Banking,4,FALSE,delivered,1
ORD-01802,3/8/2022,CUST29312,Arjun Verma,35,Other,East,Kolkata,Beauty,Hair Oil,1,2317.49,0.12,2469.09,1307.37,92.14,Credit Card,4,FALSE,Delivered,4
ORD-02032,6/14/2022,CUST87100,Priya Das,31,Female,North,Chandigarh,Sports,Dumbbells,1,9438.79,0.06,12679.99,2911.92,48.64,Net Banking,3,FALSE,Delivered,8
ORD-01663,1/12/2022,CUST47721,Karan Mishra,47,Male,North,Delhi,Beauty,Face Cream,7,183.5,0.06,941.96,329.15,81.3,Cash on Delivery,5,FALSE,Delivered,7
ORD-02377,10/25/2022,CUST98234,Priya Das,37,Female,East,Kolkata,Books,Biography,3,641.95,0.29,1563.94,516.36,78.51,UPI,1,FALSE,Delivered,8
ORD-02428,11/15/2022,CUST87410,Rahul Bose,14,Other,South,Kochi,Groceries,Rice (5kg),10,90.88,0.15,727.71,64.16,43,Net Banking,2,FALSE,Delivered,3
ORD-02406,11/6/2022,CUST28811,Sunita Joshi,14,Other,South,Hyderabad,Books,Comic Book,6,1290.45,0.14,6054.97,2015.44,72.18,Debit Card,,FALSE,Delivered,7
ORD-02214,8/25/2022,CUST69266,Meera Iyer,42,Female,South,Kochi,Sports,Yoga Mat,3,11700.18,0.34,31335.42,7211.28,61.57,Cash on Delivery,2,FALSE,Delivered,4
ORD-01812,3/12/2022,CUST87331,Priya Iyer,37,Other,South,Hyderabad,Clothing,Saree,2,3062.06,0,6405.51,1929.46,60.97,Credit Card,4,FALSE,Delivered,6
ORD-02005,3-Jun-22,CUST62519,Priya Joshi,46,Female,South,Bangalore,Beauty,Sunscreen,10,1635.87,0.21,18889.25,9364.27,65.41,Cash on Delivery,4,FALSE,Delivered,4
ORD-02395,11/1/2022,CUST38435,Aarav Das,34,Other,West,Mumbai,Electronics,Smartphone,5,17051.01,0.02,72489.63,12014.35,60.41,Debit Card,4,FALSE,Delivered,3
ORD-02433,11/19/2022,CUST52680,Ritu Shah,40,Female,North,Delhi,Sports,Cycle,9,10073.67,0.2,59652.6,18108.91,53.9,EMI,4,FALSE,Cancelled,2
ORD-02224,8/28/2022,CUST30540,Priya Bhat,25,Female,West,Ahmedabad,Sports,Cycle,7,8703.41,0.09,68163.65,14340.35,62,Debit Card,2,FALSE,Delivered,1
ORD-02484,12/13/2022,CUST16309,Rohan Verma,20,Other,Central,Raipur,Clothing,Saree,4,630.74,0.04,1712.76,616.52,29.52,Debit Card,2,FALSE,Delivered,9
ORD-01845,3/27/2022,CUST10325,Ananya Joshi,27,male,East,Guwahati,Electronics,Smartphone,7,49930.01,0.18,305814.52,52733.26,87.99,Credit Card,2,TRUE,Returned,1
ORD-02417,11/9/2022,CUST65187,Rahul Chatterjee,41,Female,West,Mumbai,Sports,Dumbbells,10,5187.53,0.13,41193.61,8791.81,49.73,UPI,3,FALSE,Delivered,2
ORD-02499,12/21/2022,CUST68941,Vikram Pillai,38,Female,South,Hyderabad,Electronics,Headphones,10,22540.09,0.08,196931.1,22056.79,77.63,Cash on Delivery,4,FALSE,Delivered,6
ORD-02326,10/6/2022,CUST89114,Aditya Patel,27,Female,South,Hyderabad,Furniture,Bookshelf,9,22455.86,0.23,158725.76,35481.88,64.83,Credit Card,4,FALSE,Delivered,4
ORD-01739,12/2/2022,CUST00395,Arjun Reddy,42,MALE,North,Ludhiana,Beauty,Face Cream,7,881.3,0.24,4536.6,2608.91,49.35,UPI,2,FALSE,Delivered,3
ORD-02015,6/7/2022,CUST43193,Rahul Mehta,36,Other,South,Kochi,Furniture,Chair,1,22337.23,0.08,24297.67,7115.37,44.4,UPI,3,FALSE,Delivered,10
ORD-01759,2/18/2022,CUST59330,Deepa Patel,34,Male,West,Surat,Groceries,Tea,4,421.19,0.39,993.67,79.81,83.46,UPI,3,FALSE,Delivered,6
ORD-02010,6/5/2022,CUST93766,Rohan Nair,24,F,West,Pune,Electronics,Tablet,6,29091.32,,275738.69,35140.71,35.9,EMI,4,TRUE,Returned,10
ORD-02016,6/9/2022,CUST87101,Nikhil Bose,20,Male,East,Guwahati,Groceries,Cooking Oil,4,342.63,0.04,1796.99,105.07,65.4,UPI,3,FALSE,Delivered,2
ORD-02477,12/12/2022,CUST10191,Shreya Mishra,25,Male,South,Hyderabad,Electronics,Camera,7,78827.09,0.17,329759.69,33092.48,81.42,Credit Card,2,FALSE,Delivered,7
ORD-02474,12/8/2022,CUST53409,Sunita Pillai,37,Female,North,Ludhiana,Electronics,Smartphone,1,42750.36,,38016.38,3865.32,64.93,Cash on Delivery,4,FALSE,Delivered,10
ORD-01864,4/2/2022,CUST09459,Aarav Shah,44,Male,East,Guwahati,Clothing,Jacket,8,2007.46,0.07,22694.82,8877.57,29.19,Net Banking,5,FALSE,Delivered,8
ORD-01651,1/7/2022,CUST43881,Ananya Mehta,28,Other,North,Ludhiana,Furniture,Desk,2,15019.51,0.21,22257.16,6736.14,45.65,UPI,2,FALSE,Cancelled,7
ORD-02265,9/12/2022,CUST40896,Deepa Rao,48,f,West,Mumbai,Electronics,Headphones,7,17875.78,0.39,88594.37,10922.5,64.93,Credit Card,1,FALSE,Shipped,3
ORD-01810,3/11/2022,CUST43650,Arjun Patel,14,Other,East,Bhubaneswar,Furniture,Wardrobe,8,26505.13,0.04,238656.22,68339.51,84.53,Net Banking,5,FALSE,Delivered,7
ORD-02394,11/1/2022,CUST48987,Arjun Bose,19,FEMALE,South,Hyderabad,Beauty,Shampoo,4,901.35,0.21,2292.28,1103.36,70.49,UPI,3,FALSE,Delivered,9
ORD-02241,9/4/2022,CUST64655,Kavya Patel,21,Female,East,Guwahati,Electronics,Headphones,4,41499.34,0,175476.12,19809.16,73.44,Debit Card,4,FALSE,Shipped,1
ORD-02519,12/29/2022,CUST63560,Aditya Reddy,61,F,South,Kochi,Groceries,Tea,10,477.67,0.38,2743.7,241.54,64.26,Debit Card,3,FALSE,Delivered,2
ORD-01909,24-Apr-22,CUST04537,Meera Sharma,37,Other,North,Amritsar,Books,Cook Book,10,549.69,0.15,6379.06,2818.11,41.87,EMI,2,TRUE,Returned,5
ORD-02352,10/13/2022,CUST89546,Ananya Verma,26,m,West,Mumbai,Clothing,Kurta,5,3741.86,0.22,13643.24,4735.93,53.44,UPI,4,TRUE,Returned,1
ORD-02347,10/12/2022,CUST24182,Kavya Singh,36,Male,Central,Raipur,Groceries,Cooking Oil,3,403.22,0.33,824.95,82.5,62.33,Credit Card,3,FALSE,Delivered,9
ORD-01686,1/21/2022,CUST44944,Rohan Singh,24,Male,Central,Raipur,Furniture,Chair,8,6492.13,0.09,42405.18,10060.56,52.57,Credit Card,3,FALSE,Delivered,10
ORD-02013,6/6/2022,CUST13762,Meera Chatterjee,44,Other,Central,Indore,Clothing,Jacket,,3652.79,0.25,4359.44,1521.23,40.51,Debit Card,2,FALSE,Cancelled,8
ORD-01989,5/28/2022,CUST57444,Amit Bose,30,Female,North,Ludhiana,Clothing,Jeans,2,3929.54,0.16,9882.86,4050.34,67.09,Cash on Delivery,3,FALSE,Delivered,5
ORD-01823,3/16/2022,CUST35405,Pooja Mishra,35,Female,Central,Raipur,Sports,Cycle,4,5236.27,0.09,24896.51,4435.73,74.78,Cash on Delivery,1,FALSE,Shipped,8
ORD-01736,10/2/2022,CUST73835,Aditya Reddy,27,Female,West,Mumbai,Clothing,Dress,2,3211.68,0.36,3765.49,1384.04,46.54,EMI,4,FALSE,Delivered,8
ORD-01798,3/7/2022,CUST89556,Vikram Bose,31,Other,South,Kochi,Groceries,Rice (5kg),3,323.91,0,1207.23,88.05,64.99,Debit Card,1,FALSE,Cancelled,3
ORD-02490,12/17/2022,CUST93354,Sanjay Verma,24,Male,Central,Raipur,Beauty,Face Cream,,732.07,0.17,505.72,246.04,48.93,EMI,1,FALSE,Shipped,2
ORD-02026,6/12/2022,CUST80310,Deepa Kapoor,28,Other,Central,Bhopal,Groceries,Tea,8,115.46,0.22,1183.48,105.86,42.35,EMI,4,FALSE,Cancelled,8
ORD-02329,10/8/2022,CUST96865,Kavya Pillai,49,Female,East,Kolkata,Clothing,Kurta,9,3350.21,0.13,25300.71,10933.1,73.04,Net Banking,2,FALSE,Delivered,5
ORD-02463,12/5/2022,CUST17205,Aditya Iyer,47,Other,North,Chandigarh,Books,Fiction Novel,5,284.92,0.29,872.63,345.16,60.96,UPI,,FALSE,Delivered,8
ORD-02275,9/15/2022,CUST47583,Vikram Chatterjee,,Other,Central,Indore,Groceries,Rice (5kg),4,225.27,0.34,633.98,41.18,44.3,Debit Card,4,TRUE,Returned,9
ORD-02413,11/9/2022,CUST99486,Nikhil Singh,,Female,East,Guwahati,Sports,Cricket Bat,5,4583.05,0.3,12705.05,2806.09,59.75,Net Banking,4,FALSE,Delivered,6
ORD-01998,6/1/2022,CUST69572,Nisha Mehta,37,Female,South,Chennai,Groceries,Sugar,1,118.1,0.08,173.91,11.76,102.62,EMI,,FALSE,Delivered,
ORD-01807,3/11/2022,CUST23271,Sanjay Shah,44,Other,Central,Indore,Electronics,Smartphone,7,73496.4,0.29,393016.21,42248.31,47.62,EMI,2,FALSE,Delivered,9
ORD-01990,5/30/2022,CUST72810,Rohan Singh,38,Other,South,Bangalore,Furniture,Bed Frame,,27081.62,0.21,31673.81,7915.89,55.71,Credit Card,,FALSE,Delivered,6
ORD-02369,10/21/2022,CUST82609,Pooja Iyer,6,Female,East,Bhubaneswar,Electronics,Smartphone,3,37130.62,0.18,79107.61,8678.14,66.27,Net Banking,5,FALSE,shipped,8
ORD-02506,12/24/2022,CUST74062,Shreya Patel,27,Male,South,Kochi,Sports,Football,4,10900.56,0.12,31965.58,6315.42,80.65,UPI,4,FALSE,Delivered,4
ORD-02339,10/10/2022,CUST12046,Kavya Verma,24,Other,Central,Nagpur,Furniture,Wardrobe,3,33100.17,0.31,61633.54,15026.15,64.31,UPI,2,TRUE,Returned,8
ORD-02246,9/7/2022,CUST14634,Aditya Das,31,Female,South,Chennai,Beauty,Hair Oil,3,1422.97,0.38,2383.68,815.73,65.75,UPI,2,FALSE,Delivered,2
ORD-02166,8/8/2022,CUST56943,Ritu Verma,42,Male,West,Mumbai,Beauty,Hair Oil,6,2467.58,0.37,12318.96,6222.84,67.89,Debit Card,2,FALSE,Delivered,10
ORD-02470,12/6/2022,CUST80242,Kavya Chatterjee,42,f,South,Kochi,Beauty,Shampoo,10,412.53,0.16,2915.31,1264.21,48.52,UPI,3,FALSE,Delivered,10
ORD-02305,9/27/2022,CUST86884,Ritu Iyer,28,Other,West,Mumbai,Electronics,Tablet,9,29921.76,0.33,187176.31,25938.95,66.52,Debit Card,5,FALSE,Shipped,8
ORD-01855,3/31/2022,CUST85967,Karan Chatterjee,35,Other,South,Chennai,Furniture,Chair,9,10240.02,0.33,76243.39,10430.54,83.76,Net Banking,3,FALSE,Delivered,4
ORD-02323,10/5/2022,CUST41015,Vikram Singh,42,Other,Central,Bhopal,Sports,Cricket Bat,5,5297.3,0.23,22206.97,5436.01,64.51,UPI,3,FALSE,Delivered,2
ORD-02098,7/12/2022,CUST81045,Ananya Mishra,53,Female,East,Kolkata,Books,Comic Book,4,1230.08,0.31,4786.22,2225.06,92.84,Net Banking,1,FALSE,Delivered,3
ORD-02501,12/22/2022,CUST59835,Aarav Kapoor,44,Other,South,Chennai,Sports,Dumbbells,6,5749.74,0.24,22681.23,4291.65,91.35,Credit Card,1,TRUE,Returned,10
ORD-01834,3/24/2022,CUST37198,Rahul Rao,36,FEMALE,South,Chennai,Electronics,Laptop,8,22164.74,0.1,159491.82,16671.94,82.01,Cash on Delivery,,FALSE,Shipped,5
ORD-02296,9/23/2022,CUST31681,Ananya Rao,20,Other,South,Kochi,Sports,Tennis Racket,3,8809.72,0.38,18286.54,4538.4,76.08,Debit Card,5,TRUE,Returned,9
ORD-02029,6/13/2022,CUST10164,Nisha Bose,49,Other,East,Bhubaneswar,Electronics,Smartphone,2,67980.1,0.22,166434.21,17621.96,84.59,Net Banking,3,FALSE,Delivered,9
ORD-02288,9/20/2022,CUST89351,Rohan Kapoor,24,Male,South,Bangalore,Groceries,Tea,3,191.26,,663.86,53.03,74,Net Banking,4,FALSE,Delivered,6
ORD-02046,6/19/2022,CUST75262,Ananya Mehta,22,Female,Central,Raipur,Electronics,Laptop,1,40586.06,0.03,56057.11,7068.43,52.63,Debit Card,4,FALSE,Delivered,10
ORD-01683,1/20/2022,CUST56977,Nikhil Mehta,31,female,North,Ludhiana,Sports,Football,8,4915.85,0.4,20462.27,3522.42,71.09,Debit Card,2,FALSE,Delivered,10
ORD-02487,12/15/2022,CUST10552,Ritu Mehta,58,Female,North,Chandigarh,Beauty,Sunscreen,2,197.14,0.08,304.99,162.97,48.37,EMI,4,TRUE,Returned,8
ORD-01986,5/27/2022,CUST51062,Vikram Kumar,22,M,West,Ahmedabad,Groceries,Tea,2,190.58,0.32,399.58,33.13,70.16,Cash on Delivery,4,FALSE,Delivered,8
ORD-02375,10/25/2022,CUST02280,Sunita Bhat,32,Female,North,Ludhiana,Clothing,Saree,8,1627.94,,10875.63,3552.18,57.07,Net Banking,4,FALSE,Delivered,10
ORD-01733,2/9/2022,CUST23490,Arjun Rao,18,FEMALE,East,Patna,Sports,Football,10,10915.19,0.25,82310.8,19642.68,96.46,Debit Card,,FALSE,Delivered,10
ORD-02060,6/27/2022,CUST37656,Karan Sharma,36,Male,Central,Nagpur,Furniture,Wardrobe,10,30431.62,0.19,346543.18,123711.59,58.75,Debit Card,4,FALSE,Delivered,10
ORD-02021,6/10/2022,CUST00211,Arjun Nair,33,Male,East,Bhubaneswar,Books,Fiction Novel,3,1203.89,,5485.01,1744.9,74.42,Net Banking,3,FALSE,cancelled,4
ORD-02204,8/19/2022,CUST80382,Priya Verma,40,Other,North,Ludhiana,Books,Biography,3,692.33,0.14,2204.16,747.75,48.08,Debit Card,4,FALSE,delivered,4
ORD-01840,3/26/2022,CUST17949,Ananya Patel,34,Female,Central,Indore,Furniture,Chair,4,31307.38,0.26,105074.92,26306.21,72.12,Cash on Delivery,4,FALSE,Delivered,4
ORD-02215,8/25/2022,CUST27310,Amit Das,32,Male,East,Guwahati,Groceries,Rice (5kg),5,285.26,0.18,1618.63,120.43,93.11,UPI,5,FALSE,Delivered,5
ORD-01881,4/10/2022,CUST82347,Priya Sharma,36,Male,West,Surat,Electronics,Laptop,,65974.79,0.29,52941.94,7317.9,57.21,EMI,1,FALSE,Delivered,8
ORD-01734,2/9/2022,CUST30760,Arjun Singh,39,Male,North,Delhi,Electronics,Camera,3,40157.94,0.22,102283.92,10891.28,9.92,UPI,,FALSE,Delivered,3
ORD-02403,11/5/2022,CUST08149,Aarav Pillai,58,Male,East,Kolkata,Clothing,Jacket,9,1523.81,0.17,10204.55,3848.37,99.28,Net Banking,2,FALSE,shipped,8
ORD-02235,9/1/2022,CUST46304,Nisha Mehta,16,Female,South,Bangalore,Books,Biography,,950.08,0.25,768.38,264.5,51.2,EMI,5,FALSE,Shipped,1
ORD-02059,6/27/2022,CUST09208,Deepa Nair,48,Male,West,Pune,Groceries,Sugar,3,357.08,0.33,1019.24,100.4,57.72,Debit Card,4,FALSE,Delivered,8
ORD-01771,2/23/2022,CUST86918,Nikhil Kapoor,29,Other,South,Bangalore,Books,Fiction Novel,,911.92,0.33,503.6,215.7,83.81,Debit Card,2,FALSE,Delivered,6
ORD-02338,10/10/2022,CUST94097,Aarav Joshi,60,Other,East,Guwahati,Electronics,Smartphone,8,29640.05,0.34,154607.71,15304.08,53.3,EMI,5,FALSE,Shipped,9
ORD-02476,12/10/2022,CUST15322,Rohan Mishra,42,Other,West,Mumbai,Groceries,Cooking Oil,2,228.14,0.19,317.31,21.59,38.62,UPI,5,FALSE,Delivered,1
ORD-01818,3/15/2022,CUST25648,Rahul Rao,40,Other,West,Mumbai,Electronics,Smartphone,7,62327.01,0.11,437292.1,49721.96,38.92,Credit Card,2,FALSE,Delivered,5
ORD-01947,5/10/2022,CUST34455,Meera Rao,35,Male,South,Kochi,Sports,Tennis Racket,3,9576.43,0.23,35621.92,9543.5,20.04,UPI,2,FALSE,Delivered,2
ORD-02138,7/27/2022,CUST43306,Rohan Chatterjee,49,Other,West,Surat,Electronics,Laptop,5,69337.89,0.18,362912.13,39925.8,31.5,Debit Card,4,FALSE,delivered,4
ORD-01792,3/5/2022,CUST77726,Meera Kapoor,57,Other,South,Chennai,Electronics,Tablet,1,19912.96,0.27,19091.83,2309.9,49.5,Cash on Delivery,3,FALSE,Delivered,5
ORD-02200,8/17/2022,CUST75677,Rahul Iyer,33,Other,Central,Nagpur,Clothing,Kurta,9,3159.45,0.11,29757.86,9057.31,53.6,Cash on Delivery,3,FALSE,delivered,3
ORD-02108,7/17/2022,CUST78376,Shreya Das,44,Male,West,Ahmedabad,Furniture,Bed Frame,5,7769.34,0.25,39143.38,11912.85,60.21,UPI,2,FALSE,delivered,8
ORD-01897,4/17/2022,CUST32469,Sanjay Nair,35,Other,West,Ahmedabad,Beauty,Shampoo,2,1778.44,0.11,3512.3,1648.35,93.12,Debit Card,1,TRUE,Returned,7
ORD-01939,5/5/2022,CUST93870,Rohan Joshi,18,f,Central,Raipur,Books,Cook Book,3,536.6,,2368.96,1137.1,73.3,Net Banking,3,FALSE,Pending,6
ORD-01723,2/5/2022,CUST24447,Kavya Verma,51,Other,South,Chennai,Books,Comic Book,2,429.2,0.19,650.28,159.72,70.44,UPI,1,FALSE,Delivered,1
ORD-02520,12/29/2022,CUST01597,Sanjay Patel,30,Male,East,Bhubaneswar,Sports,Cricket Bat,2,11228.63,0.34,11870.38,2694.57,54.4,Credit Card,5,FALSE,Delivered,2
ORD-01888,4/14/2022,CUST48280,Aarav Pillai,38,Female,West,Ahmedabad,Groceries,Sugar,7,366.53,0.01,3649.29,335.94,46.6,Cash on Delivery,2,FALSE,Delivered,2
ORD-02371,10/21/2022,CUST84615,Pooja Rao,25,Female,South,Hyderabad,Beauty,Lipstick,6,253.65,0.18,1411.81,436.8,47.29,Cash on Delivery,5,FALSE,Delivered,3
ORD-02050,6/21/2022,CUST02327,Sunita Mehta,23,Male,West,Mumbai,Clothing,Dress,3,1462.24,0.05,6441.47,2494.41,69.71,Credit Card,3,FALSE,Shipped,7
ORD-02232,8/30/2022,CUST33157,Shreya Rao,49,Female,South,Bangalore,Clothing,T-Shirt,10,3789.09,0.2,42644.14,11567.08,53.05,UPI,5,FALSE,Pending,1
ORD-01954,5/14/2022,CUST34853,Sanjay Das,29,Other,West,Surat,Groceries,Tea,5,218.21,0.33,1300.18,113.46,55.11,Credit Card,5,FALSE,Shipped,9
ORD-01904,4/21/2022,CUST84621,Pooja Kumar,31,Other,East,Guwahati,Electronics,Tablet,5,7801.31,0.4,32476.66,4169.84,72.94,Credit Card,5,FALSE,Delivered,7
ORD-01879,4/8/2022,CUST41248,Shreya Bose,18,Female,North,Amritsar,Groceries,Rice (5kg),6,160.93,0.38,746,49.52,43.23,UPI,4,FALSE,Delivered,5
ORD-02355,10/16/2022,CUST25582,Rahul Rao,31,Other,Central,Indore,Sports,Yoga Mat,2,963.86,0.4,1234.93,250.23,44.87,Credit Card,4,FALSE,Shipped,7
ORD-01725,2/7/2022,CUST13925,Sanjay Nair,3,Female,Central,Raipur,Furniture,Sofa,5,26645.28,0.03,122381.62,47367.72,56.14,Debit Card,4,FALSE,Delivered,2
ORD-01772,2/23/2022,CUST66243,Sanjay Mehta,36,Other,South,Chennai,Clothing,T-Shirt,4,3567.47,0.14,11439.79,2952.33,90.15,Cash on Delivery,4,FALSE,Cancelled,4
ORD-02504,12/22/2022,CUST98767,Aarav Sharma,53,Other,East,Kolkata,Electronics,Headphones,8,77398.42,0.26,353697.54,33920.05,94.39,Net Banking,3,FALSE,Cancelled,10
ORD-02370,10/21/2022,CUST09289,Nisha Bose,28,Other,North,Ludhiana,Sports,Tennis Racket,3,10631.58,0.1,23303.04,4472.16,31.86,Debit Card,4,FALSE,Delivered,5
ORD-02218,8/26/2022,CUST37517,Ritu Bhat,33,Other,South,Chennai,Sports,Football,3,4765.92,0.05,17857.42,4889.44,59.58,Net Banking,2,FALSE,Delivered,9
ORD-01938,5-May-22,CUST09891,Ananya Rao,42,Female,Central,Indore,Books,Fiction Novel,7,1019.7,0.33,6327.55,3242.6,49.01,Credit Card,5,FALSE,Delivered,6
ORD-02319,10/5/2022,CUST10347,Aditya Nair,24,Other,Central,Raipur,Sports,Yoga Mat,2,14531.26,0.22,19868.59,2388.6,58.71,UPI,5,FALSE,Delivered,1
ORD-01866,4/3/2022,CUST49530,Rohan Nair,29,Female,West,Pune,Electronics,Laptop,7,64794.43,0.05,532883.15,75066.29,73.84,Debit Card,2,TRUE,Returned,5
ORD-01916,4/27/2022,CUST40084,Aarav Rao,47,Male,South,Chennai,Groceries,Tea,4,288.13,0.01,1536.04,122.61,62.28,Net Banking,2,FALSE,shipped,7
ORD-02442,11/26/2022,CUST44235,Rahul Iyer,58,Other,East,Patna,Groceries,Flour,6,487.77,0.31,1675.82,120.68,82.58,Credit Card,5,FALSE,Delivered,6
ORD-02458,12/1/2022,CUST84016,Meera Verma,12,Male,East,Patna,Books,Self-Help Book,5,374.99,0.2,1324.11,579.51,83.9,Cash on Delivery,3,FALSE,Delivered,8
ORD-02134,7/25/2022,CUST70079,Aditya Shah,33,Male,West,Mumbai,Beauty,Shampoo,2,879.32,0.11,2351.24,1051.59,52.42,Cash on Delivery,5,FALSE,Delivered,5
ORD-02132,7/24/2022,CUST62399,Rohan Bose,45,Other,South,Chennai,Furniture,Sofa,4,25587.02,0.31,106262.43,24161.7,68.96,Debit Card,2,FALSE,Delivered,2
ORD-02255,9/9/2022,CUST86286,Amit Verma,23,Female,North,Delhi,Sports,Yoga Mat,1,10374.72,0.04,10806.31,2109.69,63.95,Cash on Delivery,3,FALSE,Cancelled,3
ORD-01853,3/30/2022,CUST27427,Ritu Reddy,49,Female,East,Patna,Books,Cook Book,7,1034.3,0.21,7324.98,2536.09,60.36,Credit Card,5,FALSE,Delivered,4
ORD-02259,9/10/2022,CUST42519,Meera Reddy,46,m,Central,Nagpur,Sports,Football,2,2331.76,0,5912.22,1433.92,38.85,Debit Card,5,FALSE,Delivered,1
ORD-02191,8/15/2022,CUST30252,Amit Rao,53,Female,South,Bangalore,Books,Self-Help Book,5,1366.96,0.33,5049.74,2062.06,90.56,Cash on Delivery,1,FALSE,Delivered,8
ORD-02420,11/11/2022,CUST51531,Vikram Verma,15,Female,Central,Nagpur,Groceries,Cooking Oil,8,125.37,0.31,588.74,40.34,44.85,EMI,1,TRUE,Returned,5
ORD-01980,5/25/2022,CUST69864,Vikram Iyer,31,male,South,Kochi,Groceries,Dal (1kg),6,181.78,0.38,888.33,43.28,64.13,UPI,,FALSE,Delivered,9
ORD-02024,6/11/2022,CUST02250,Rahul Verma,33,Female,North,Ludhiana,Books,Fiction Novel,1,910.26,0.04,1273.33,558.58,27.4,Net Banking,,FALSE,Delivered,3
ORD-01688,1/22/2022,CUST53680,Amit Shah,18,Other,North,Delhi,Electronics,Smartphone,5,65121.61,0,278858.29,33377.09,75.22,Net Banking,,FALSE,Shipped,2
ORD-01813,3/12/2022,CUST37116,Nisha Das,47,Other,Central,Nagpur,Clothing,T-Shirt,1,1385.37,0.08,1543.45,661.84,62.19,Credit Card,2,FALSE,Delivered,5
ORD-01753,2/17/2022,CUST62689,Ananya Das,32,Female,North,Delhi,Clothing,Jeans,3,3289.49,0.2,6684.85,2606.38,68.78,UPI,5,FALSE,Delivered,
ORD-02254,9/9/2022,CUST33459,Nisha Sharma,33,Female,North,Delhi,Furniture,Desk,10,5472.78,0.24,53170.77,15999.21,73.94,Debit Card,4,FALSE,Delivered,9
ORD-02478,12/12/2022,CUST02396,Karan Sharma,32,Male,South,Hyderabad,Electronics,Tablet,3,58643.55,0.18,104290.62,10501.29,67.56,Credit Card,3,FALSE,Cancelled,2
ORD-01876,4/7/2022,CUST64959,Aditya Sharma,47,Other,East,Patna,Books,Fiction Novel,,1466.44,0.02,1925.9,587.73,74.59,Net Banking,,FALSE,Delivered,6
ORD-01749,2/15/2022,CUST77699,Deepa Joshi,17,Other,South,Chennai,Sports,Football,5,5142.95,0.05,24280.58,4000.08,50.97,EMI,1,TRUE,Returned,3
ORD-01645,1/3/2022,CUST58522,Priya Kumar,27,M,South,Bangalore,Beauty,Sunscreen,1,277.9,0.12,229.86,81.58,50.51,EMI,4,FALSE,Cancelled,
ORD-02367,10/20/2022,CUST71730,Meera Kapoor,33,Female,East,Patna,Books,Biography,6,353.19,0.37,1424.52,640.89,87.77,Net Banking,3,FALSE,Delivered,7
ORD-02083,7/7/2022,CUST58154,Karan Chatterjee,33,Other,West,Surat,Furniture,Bookshelf,6,6433.11,0.05,51511.32,11059.52,68.21,Net Banking,1,FALSE,Delivered,7
ORD-01787,3/3/2022,CUST70372,Deepa Verma,16,Female,West,Surat,Beauty,Hair Oil,8,1468.81,0.02,12672.79,4798.36,35.31,Cash on Delivery,4,FALSE,Delivered,8
ORD-02124,7/23/2022,CUST24923,Karan Mishra,23,Male,West,Pune,Books,Cook Book,6,1164.68,0.35,5939.75,1561.14,57.35,Debit Card,2,TRUE,Returned,5
ORD-01850,3/30/2022,CUST64792,Amit Kumar,38,Male,South,Hyderabad,Sports,Cycle,4,14204.71,0.27,54400.72,13383.31,93.83,UPI,1,TRUE,Returned,10
ORD-01912,4/25/2022,CUST02114,Ananya Verma,,Male,South,Chennai,Clothing,T-Shirt,2,1244.43,0.23,2660.47,1061.94,75.05,Net Banking,5,FALSE,Delivered,2
ORD-02194,15-Aug-22,CUST84436,Amit Chatterjee,10,Other,North,Delhi,Beauty,Face Cream,1,1986.59,0.05,2507.45,1149.66,66.3,UPI,2,TRUE,Returned,
ORD-01922,4/30/2022,CUST64561,Deepa Das,55,Other,South,Hyderabad,Groceries,Rice (5kg),1,116.8,0.34,98.72,7.87,74.41,Credit Card,4,FALSE,Delivered,3
ORD-02451,11/28/2022,CUST04161,Arjun Singh,58,Female,West,Pune,Sports,Dumbbells,9,13538.61,0.04,98932.09,24598.22,64.82,Credit Card,3,FALSE,Delivered,1
ORD-02249,8-Sep-22,CUST22912,Aarav Bhat,22,Female,East,Bhubaneswar,Groceries,Cooking Oil,6,129.66,0.08,1008.28,60.96,63.39,Net Banking,5,FALSE,Delivered,3
ORD-02096,7/11/2022,CUST11002,Ritu Reddy,43,Other,South,Bangalore,Furniture,Bookshelf,8,32713.93,,353477.73,94752.3,78.56,EMI,3,FALSE,Delivered,6
ORD-02459,12/2/2022,CUST97641,Ananya Reddy,33,Male,South,Hyderabad,Clothing,T-Shirt,4,1231.26,0.07,3543.81,1397.23,42.37,Debit Card,3,FALSE,Delivered,9
ORD-02363,10/18/2022,CUST91997,Karan Bose,38,Male,West,Surat,Electronics,Laptop,5,5729.21,0.26,21082.56,2258.77,47.72,Net Banking,4,FALSE,Cancelled,8
ORD-02028,6/13/2022,CUST57353,Meera Singh,28,Male,Central,Bhopal,Groceries,Tea,1,431.51,0.26,545.27,23.26,56.68,UPI,3,FALSE,Delivered,5
ORD-02141,7/28/2022,CUST81398,Ananya Reddy,53,Female,North,Delhi,Books,Comic Book,10,772.14,0.4,6278.32,2969.03,72.12,Cash on Delivery,2,FALSE,Cancelled,4
ORD-02044,6/18/2022,CUST01603,Kavya Verma,30,Female,South,Chennai,Furniture,Desk,8,25000.7,0.06,272564.22,76789.22,67.03,Debit Card,4,FALSE,Delivered,1
ORD-01762,2/19/2022,CUST02740,Kavya Gupta,41,Female,West,Ahmedabad,Electronics,Smartphone,9,9157.81,0.33,55730.83,7761.83,67.23,EMI,3,FALSE,Delivered,3
ORD-02328,10/8/2022,CUST09166,Ananya Mishra,21,male,West,Pune,Groceries,Dal (1kg),5,142.7,0.29,560.89,25.3,26.87,EMI,5,FALSE,Delivered,8
ORD-02276,9/16/2022,CUST27939,Aarav Pillai,37,Female,North,Delhi,Sports,Yoga Mat,4,590.58,0.26,2166.86,376.29,74.83,Cash on Delivery,1,FALSE,Pending,5
ORD-02057,6/25/2022,CUST88172,Pooja Sharma,44,Female,East,Bhubaneswar,Furniture,Bed Frame,4,34052.07,0.07,210338.05,69009.61,65.24,UPI,2,FALSE,Pending,2
ORD-02117,7/20/2022,CUST85337,Ananya Bose,50,Female,North,Delhi,Clothing,Jeans,,3757.22,0.03,6146.46,1762.91,46.04,Cash on Delivery,3,FALSE,Delivered,3
ORD-02206,8/19/2022,CUST90477,Amit Nair,41,Male,East,Bhubaneswar,Books,Fiction Novel,2,766.12,,1911.88,403.99,94.88,Cash on Delivery,2,FALSE,Delivered,7
ORD-02073,7/3/2022,CUST56467,Karan Kumar,36,Other,Central,Nagpur,Beauty,Hair Oil,7,541.57,0.38,3426.91,1569.49,60.06,EMI,2,FALSE,Delivered,3
ORD-02039,6/17/2022,CUST14314,Karan Singh,38,Other,East,Patna,Sports,Yoga Mat,6,14693.99,0.23,98156.4,22834.62,68.94,Debit Card,2,FALSE,Delivered,4
ORD-02342,10/11/2022,CUST03284,Pooja Bhat,31,Male,East,Kolkata,Electronics,Headphones,9,58781.51,0.2,399047.78,43776.4,94.29,EMI,4,FALSE,Delivered,2
ORD-02228,8/29/2022,CUST45867,Pooja Gupta,53,Other,Central,Raipur,Furniture,Bed Frame,5,16148.89,0.31,65510.48,17083.16,56.19,Cash on Delivery,5,FALSE,Delivered,1
ORD-01936,5/5/2022,CUST63093,Nikhil Gupta,35,Other,West,Mumbai,Electronics,Laptop,4,35805.64,0.22,175898.51,16761.62,64.56,Net Banking,2,FALSE,Cancelled,9
ORD-01858,4/1/2022,CUST00213,Arjun Verma,,Male,South,Chennai,Beauty,Hair Oil,4,1182.99,0.03,5426.76,3103.03,94.88,Debit Card,2,FALSE,Pending,1
ORD-02429,11/16/2022,CUST34276,Sanjay Verma,35,Female,North,Amritsar,Furniture,Desk,4,9446.44,0.3,22683.91,5513.68,58.8,Debit Card,5,FALSE,Cancelled,9
ORD-02115,7/19/2022,CUST34821,Sunita Mehta,58,Female,East,Kolkata,Furniture,Wardrobe,8,6806.19,0.1,67597,26754.18,63.82,Net Banking,5,FALSE,Delivered,1
ORD-02300,9/24/2022,CUST99451,Nikhil Joshi,30,Other,North,Amritsar,Books,Fiction Novel,,1447.1,0.07,1543.04,589.91,58.15,Cash on Delivery,,FALSE,Delivered,2
ORD-02025,6/11/2022,CUST09860,Vikram Mehta,39,Female,West,Pune,Books,Fiction Novel,7,1326.05,0.17,12840.19,5604.53,48.98,Net Banking,3,TRUE,Returned,
ORD-02379,10/27/2022,CUST74898,Sanjay Bose,,Other,South,Kochi,Electronics,Laptop,6,35566.78,0.17,207943.15,27899.28,65.72,Cash on Delivery,5,FALSE,Pending,3
ORD-02481,12/12/2022,CUST18007,Arjun Patel,30,Other,West,Mumbai,Groceries,Tea,10,93.18,0.11,717.1,61.36,39.09,Net Banking,1,FALSE,Delivered,8
ORD-02340,10/10/2022,CUST46573,Sunita Mishra,43,Male,East,Kolkata,Books,Comic Book,1,269.23,0.35,146.46,51.64,77.26,Debit Card,2,FALSE,Delivered,8
ORD-01997,6/1/2022,CUST56393,Sunita Rao,32,Male,North,Chandigarh,Groceries,Dal (1kg),9,493.26,0.08,6307.15,506.13,45.11,UPI,3,FALSE,Cancelled,9
ORD-02116,7/20/2022,CUST15879,Amit Pillai,26,Female,South,Kochi,Clothing,T-Shirt,6,711.19,0.24,4522.36,2124.71,82.5,Net Banking,,FALSE,Delivered,3
ORD-02068,7/2/2022,CUST60687,Rahul Joshi,40,FEMALE,West,Surat,Furniture,Sofa,9,33837.01,0.22,353282.34,116653.75,42.65,Net Banking,1,FALSE,Delivered,4
ORD-01902,4/20/2022,CUST14081,Nikhil Reddy,26,Other,Central,Bhopal,Electronics,Laptop,5,8793.32,0.25,45113.12,6647.66,30.21,UPI,1,FALSE,Delivered,10
ORD-02103,14-Jul-22,CUST67925,Sanjay Gupta,32,Other,North,Delhi,Beauty,Perfume,7,920.5,0.1,8123.9,4006.12,47.75,Debit Card,1,FALSE,Shipped,4
ORD-01697,1/28/2022,CUST17647,Nikhil Joshi,30,male,North,Amritsar,Clothing,Kurta,8,670.37,0.4,2707.64,886.76,85.42,Cash on Delivery,1,TRUE,Returned,7
ORD-02304,9/27/2022,CUST81774,Meera Iyer,34,Male,East,Guwahati,Beauty,Hair Oil,8,1956.04,0.05,16158.29,7683.48,90.07,EMI,1,FALSE,Cancelled,4
ORD-01871,4/5/2022,CUST74013,Arjun Singh,41,Female,North,Delhi,Electronics,Headphones,2,17140.58,0.38,30862.38,4123.18,34.79,Debit Card,2,FALSE,Delivered,5
ORD-02437,11/22/2022,CUST57020,Rahul Bhat,35,Other,East,Guwahati,Furniture,Bed Frame,10,5117.29,0.35,29419.75,8052.09,61.97,UPI,,FALSE,Delivered,8
ORD-01649,1/5/2022,CUST44360,Vikram Iyer,28,Other,North,Amritsar,Furniture,Bed Frame,10,9788.59,0.18,56440.79,15796.43,48.09,Net Banking,1,TRUE,Returned,7
ORD-02139,7/28/2022,CUST46079,Ananya Chatterjee,40,Other,North,Delhi,Beauty,Hair Oil,8,1990.6,0.37,14038.19,5997.36,71.99,UPI,2,FALSE,Delivered,9
ORD-02105,7/16/2022,CUST23451,Rahul Reddy,28,Other,West,Mumbai,Books,Comic Book,10,1326.18,0.2,16441.16,5803.82,73.42,Cash on Delivery,3,FALSE,Delivered,5
ORD-01773,2/23/2022,CUST06303,Arjun Shah,44,Female,North,Chandigarh,Furniture,Bed Frame,10,18135.2,0.08,146993.72,36601.82,42.09,Cash on Delivery,2,FALSE,Shipped,7
ORD-01750,2/16/2022,CUST58944,Sunita Verma,12,Male,West,Mumbai,Furniture,Sofa,6,15789.89,0.27,56911.9,13231.78,66.76,Credit Card,1,TRUE,Returned,2
ORD-01891,4/15/2022,CUST26370,Deepa Mishra,23,Other,West,Pune,Furniture,Desk,8,34992.04,0.11,286556.78,82342.39,35.17,EMI,4,FALSE,Pending,1
ORD-02345,10/11/2022,CUST71392,Kavya Shah,21,Male,South,Chennai,Books,Self-Help Book,4,1497.67,0.21,4793.89,1329.44,68.06,Net Banking,5,FALSE,Delivered,7
ORD-02301,9/25/2022,CUST94749,Aarav Patel,52,Other,South,Hyderabad,Beauty,Hair Oil,3,1334.72,0.14,4167.5,1517.77,68.86,Net Banking,1,FALSE,Delivered,5
ORD-01670,1/15/2022,CUST23703,Aditya Kapoor,29,Female,North,Chandigarh,Clothing,Saree,2,2248.1,0.26,3192.69,1599.72,34.36,Cash on Delivery,4,TRUE,Returned,5
ORD-01847,3/27/2022,CUST23650,Sanjay Patel,43,M,South,Bangalore,Electronics,Headphones,6,36964.92,0.07,229078.34,22543.08,71.02,UPI,3,FALSE,Delivered,6
ORD-02408,11/6/2022,CUST35312,Aarav Joshi,45,Male,South,Chennai,Books,Biography,6,922.08,0.39,2622.16,1193.45,101.28,UPI,5,FALSE,Delivered,9
ORD-02144,7/30/2022,CUST57185,Aditya Pillai,45,Other,West,Ahmedabad,Clothing,Jacket,3,1239.18,0.11,4592.68,1338.61,61.11,EMI,1,FALSE,Cancelled,10
ORD-02360,10/17/2022,CUST30543,Meera Patel,35,Female,East,Bhubaneswar,Furniture,Wardrobe,7,26524.4,0.29,121709.51,31637.28,92.09,Credit Card,,FALSE,Shipped,4
ORD-01809,3/11/2022,CUST33015,Sunita Iyer,25,Other,South,Bangalore,Electronics,Headphones,9,15199.01,0.23,129545.79,19098.67,60.16,Cash on Delivery,1,FALSE,Delivered,6
ORD-02462,12/3/2022,CUST93409,Kavya Sharma,51,Female,South,Chennai,Clothing,Kurta,4,3481.94,0.35,6409.77,2804.01,71.75,EMI,,FALSE,Delivered,9
ORD-02507,12/24/2022,CUST89268,Amit Sharma,36,Other,Central,Indore,Sports,Dumbbells,9,5484.95,0.09,32970.07,5646.17,31.22,Debit Card,3,FALSE,Delivered,9
ORD-02388,10/30/2022,CUST96079,Kavya Bose,33,Male,West,Ahmedabad,Clothing,Kurta,8,3591.12,0.04,23914.76,6348.6,50.27,Cash on Delivery,2,FALSE,Cancelled,8
ORD-01761,2/19/2022,CUST42165,Vikram Joshi,60,Female,East,Kolkata,Clothing,Saree,1,944.02,0.18,670.28,181.9,78.51,Credit Card,5,FALSE,Delivered,3
ORD-01966,5/18/2022,CUST97427,Priya Bose,15,Female,North,Amritsar,Sports,Tennis Racket,1,2681.34,0.12,3807.13,587.09,75.5,UPI,3,TRUE,Returned,4
ORD-02088,7/9/2022,CUST29896,Amit Verma,43,Other,West,Mumbai,Beauty,Sunscreen,6,2056.5,0.18,13191.89,5400.15,38.67,Net Banking,5,FALSE,Cancelled,5
ORD-01867,4/3/2022,CUST11136,Meera Gupta,39,Other,East,Kolkata,Sports,Cricket Bat,4,1061.59,0.01,5761.67,990.61,66.63,Credit Card,1,FALSE,Delivered,7
ORD-02208,8/21/2022,CUST55072,Rohan Pillai,35,Other,West,Surat,Electronics,Laptop,7,5978.14,0.38,31403.12,3202.9,68.28,EMI,2,FALSE,Cancelled,9
ORD-02289,9/20/2022,CUST74884,Kavya Mishra,28,Other,East,Bhubaneswar,Electronics,Laptop,5,76773.58,0.12,367938.22,45756.9,84.18,UPI,2,FALSE,Delivered,5
ORD-01682,1/20/2022,CUST60153,Meera Verma,3,Male,North,Chandigarh,Beauty,Sunscreen,3,790.57,0.33,1419.61,752.09,45.71,UPI,1,FALSE,Delivered,2
ORD-02404,11/5/2022,CUST20182,Kavya Joshi,33,m,West,Surat,Electronics,Laptop,4,6142.5,0.28,15055.56,2596.19,76.47,EMI,5,FALSE,Delivered,4
ORD-02236,9/1/2022,CUST58809,Rohan Iyer,34,f,South,Chennai,Beauty,Shampoo,9,1011.72,0.19,8905.76,2925.83,96.59,Net Banking,1,FALSE,Delivered,4
ORD-02278,9/16/2022,CUST26869,Aarav Mehta,28,Female,East,Bhubaneswar,Sports,Cycle,5,10621.22,0.03,58513.74,13918.5,72.95,Credit Card,4,FALSE,Pending,3
ORD-01852,3/30/2022,CUST44543,Shreya Nair,21,Female,Central,Nagpur,Beauty,Shampoo,1,2086.47,0.4,1378.93,777.51,51,EMI,5,FALSE,Shipped,6
ORD-01887,4/13/2022,CUST32630,Vikram Shah,27,Male,Central,Raipur,Sports,Tennis Racket,8,10307.31,0.04,110726.11,34280.73,65.12,UPI,4,FALSE,Delivered,8
ORD-02398,11/3/2022,CUST32655,Shreya Gupta,23,Male,East,Kolkata,Clothing,Dress,1,978.49,0.12,736.31,317.25,92.46,EMI,2,FALSE,Delivered,2
ORD-02094,7/10/2022,CUST96963,Pooja Singh,28,Female,East,Kolkata,Sports,Football,8,3340.32,0.25,28705.04,6012.3,87.45,Net Banking,3,FALSE,Shipped,5
ORD-02157,8/4/2022,CUST68003,Rahul Iyer,31,Other,Central,Indore,Beauty,Sunscreen,10,1462.52,0.36,14294.75,8359.96,63.11,Credit Card,,FALSE,Cancelled,4
ORD-02348,10/12/2022,CUST12889,Rohan Mehta,27,Female,North,Ludhiana,Sports,Yoga Mat,9,13142.88,0.37,69394.08,16164.46,32.88,UPI,5,TRUE,Returned,1
ORD-01974,5/22/2022,CUST96684,Rahul Pillai,25,f,South,Bangalore,Books,Self-Help Book,1,429.32,0.37,331.72,193.26,89.48,Net Banking,3,FALSE,Cancelled,9
ORD-01789,3/4/2022,CUST43962,Rohan Mishra,49,Male,Central,Indore,Clothing,Kurta,1,2434.6,0.04,2589.54,635.65,29.56,EMI,3,FALSE,Delivered,1
ORD-02401,11/4/2022,CUST64655,Karan Chatterjee,21,Male,North,Chandigarh,Clothing,Kurta,9,3802.99,0.17,24949.89,9516.59,50.21,Credit Card,1,FALSE,Shipped,4
ORD-02122,7/22/2022,CUST58669,Ananya Rao,54,Other,East,Bhubaneswar,Beauty,Perfume,9,1933.74,0.4,14508.76,4077.16,88.26,Debit Card,4,FALSE,Delivered,6
ORD-01820,3/15/2022,CUST54684,Rohan Shah,25,Female,East,Guwahati,Furniture,Chair,9,28064.62,0.13,212852.52,53977.66,65.04,Cash on Delivery,,FALSE,Delivered,5
ORD-02023,6/10/2022,CUST72866,Vikram Mishra,41,Male,North,Amritsar,Sports,Tennis Racket,4,11418.62,0.21,52022.28,11855.66,52.64,Cash on Delivery,2,FALSE,Delivered,1
ORD-01769,2/22/2022,CUST64190,Karan Reddy,39,Male,East,Guwahati,Beauty,Face Cream,7,422.45,0.02,2726.49,759.36,39.41,Credit Card,,FALSE,Delivered,5
ORD-01738,2/11/2022,CUST50460,Amit Mehta,40,Female,East,Bhubaneswar,Books,Biography,5,1456.57,0.27,4835.66,2312.44,71.9,Cash on Delivery,1,FALSE,Cancelled,4
